<?xml version="1.0" encoding="UTF-8" standalone="no"?>
<Tournament dataVersion="201">
<Players>
<Player agaExpirationDate="" agaId="" club="31To" country="" egfPin="" ffgLicence="1200033" ffgLicenceStatus="L" firstName="David" name="Parcoit" participating="11111111111111111111" rank="5K" rating="1624" ratingOrigin="FFG" registeringStatus="FIN" smmsCorrection="0"/>
<Player agaExpirationDate="" agaId="" club="31To" country="" egfPin="" ffgLicence="0152006" ffgLicenceStatus="L" firstName="Eric" name="Saves" participating="11111111111111111111" rank="5K" rating="1633" ratingOrigin="FFG" registeringStatus="FIN" smmsCorrection="0"/>
<Player agaExpirationDate="" agaId="" club="31To" country="" egfPin="" ffgLicence="1100210" ffgLicenceStatus="L" firstName="François" name="Schyn" participating="11111111111111111111" rank="12K" rating="925" ratingOrigin="FFG" registeringStatus="FIN" smmsCorrection="0"/>
<Player agaExpirationDate="" agaId="" club="66Pe" country="" egfPin="" ffgLicence="0800534" ffgLicenceStatus="L" firstName="Alain" name="Pinkasfeld" participating="11111111111111111111" rank="3K" rating="1764" ratingOrigin="FFG" registeringStatus="FIN" smmsCorrection="0"/>
<Player agaExpirationDate="" agaId="" club="31To" country="" egfPin="" ffgLicence="0800016" ffgLicenceStatus="L" firstName="Emmanuel" name="Chauveau" participating="11111111111111111111" rank="10K" rating="1089" ratingOrigin="FFG" registeringStatus="FIN" smmsCorrection="0"/>
<Player agaExpirationDate="" agaId="" club="31To" country="" egfPin="" ffgLicence="1200109" ffgLicenceStatus="L" firstName="Simon" name="Jeauffreau" participating="11111111111111111111" rank="21K" rating="-23" ratingOrigin="FFG" registeringStatus="FIN" smmsCorrection="0"/>
<Player agaExpirationDate="" agaId="" club="31To" country="" egfPin="" ffgLicence="0652028" ffgLicenceStatus="L" firstName="Jean-Jacques" name="Portal" participating="11111111111111111111" rank="6K" rating="1484" ratingOrigin="FFG" registeringStatus="FIN" smmsCorrection="0"/>
<Player agaExpirationDate="" agaId="" club="31To" country="" egfPin="" ffgLicence="1100383" ffgLicenceStatus="L" firstName="Robin" name="Pinto-Andre" participating="11111111111111111111" rank="19K" rating="210" ratingOrigin="FFG" registeringStatus="FIN" smmsCorrection="0"/>
<Player agaExpirationDate="" agaId="" club="31To" country="" egfPin="" ffgLicence="1300007" ffgLicenceStatus="L" firstName="Léo" name="Ghafari" participating="11111111111111111111" rank="17K" rating="410" ratingOrigin="FFG" registeringStatus="FIN" smmsCorrection="0"/>
<Player agaExpirationDate="" agaId="" club="31To" country="" egfPin="" ffgLicence="9613502" ffgLicenceStatus="L" firstName="Alexandre" name="Piot" participating="11111111111111111111" rank="6K" rating="1457" ratingOrigin="FFG" registeringStatus="FIN" smmsCorrection="0"/>
<Player agaExpirationDate="" agaId="" club="31To" country="" egfPin="" ffgLicence="1300006" ffgLicenceStatus="L" firstName="Charles" name="Thibault" participating="11111111111111111111" rank="13K" rating="773" ratingOrigin="FFG" registeringStatus="FIN" smmsCorrection="0"/>
<Player agaExpirationDate="" agaId="" club="31Pi" country="" egfPin="" ffgLicence="1300028" ffgLicenceStatus="L" firstName="Ronan" name="Campredon" participating="11111111111111111111" rank="30K" rating="-900" ratingOrigin="FFG" registeringStatus="FIN" smmsCorrection="0"/>
<Player agaExpirationDate="" agaId="" club="31To" country="" egfPin="" ffgLicence="0900253" ffgLicenceStatus="L" firstName="Jean-François" name="Gabard" participating="11111111111111111111" rank="14K" rating="658" ratingOrigin="FFG" registeringStatus="FIN" smmsCorrection="0"/>
<Player agaExpirationDate="" agaId="" club="31To" country="" egfPin="" ffgLicence="0700101" ffgLicenceStatus="L" firstName="Jean-Yves" name="Papazoglou" participating="11111111111111111111" rank="8K" rating="1272" ratingOrigin="FFG" registeringStatus="FIN" smmsCorrection="0"/>
<Player agaExpirationDate="" agaId="" club="31To" country="" egfPin="" ffgLicence="0452032" ffgLicenceStatus="L" firstName="Félix" name="Mijon" participating="11111111111111111111" rank="5K" rating="1567" ratingOrigin="FFG" registeringStatus="FIN" smmsCorrection="0"/>
<Player agaExpirationDate="" agaId="" club="31To" country="" egfPin="" ffgLicence="0052010" ffgLicenceStatus="L" firstName="David" name="Brouard" participating="11111111111111111111" rank="6K" rating="1485" ratingOrigin="FFG" registeringStatus="FIN" smmsCorrection="0"/>
<Player agaExpirationDate="" agaId="" club="31To" country="" egfPin="" ffgLicence="1300013" ffgLicenceStatus="L" firstName="Samuel" name="Marnac" participating="11111111111111111111" rank="7K" rating="1411" ratingOrigin="FFG" registeringStatus="FIN" smmsCorrection="0"/>
<Player agaExpirationDate="" agaId="" club="31Pi" country="" egfPin="" ffgLicence="1200037" ffgLicenceStatus="L" firstName="Vincent" name="Bragard" participating="11111111111111111111" rank="17K" rating="361" ratingOrigin="FFG" registeringStatus="FIN" smmsCorrection="0"/>
<Player agaExpirationDate="" agaId="" club="66Pe" country="" egfPin="" ffgLicence="9324302" ffgLicenceStatus="L" firstName="Karl" name="Krissian" participating="11111111111111111111" rank="1D" rating="2059" ratingOrigin="FFG" registeringStatus="FIN" smmsCorrection="0"/>
<Player agaExpirationDate="" agaId="" club="31Pi" country="" egfPin="" ffgLicence="1200083" ffgLicenceStatus="L" firstName="Roland" name="Laval" participating="11111111111111111111" rank="20K" rating="72" ratingOrigin="FFG" registeringStatus="FIN" smmsCorrection="0"/>
<Player agaExpirationDate="" agaId="" club="31To" country="" egfPin="" ffgLicence="0800045" ffgLicenceStatus="L" firstName="Eric" name="Machet" participating="11111111111111111111" rank="2D" rating="2173" ratingOrigin="FFG" registeringStatus="FIN" smmsCorrection="0"/>
<Player agaExpirationDate="" agaId="" club="31Pi" country="" egfPin="" ffgLicence="1300029" ffgLicenceStatus="L" firstName="Killian" name="Centeleviez" participating="11111111111111111111" rank="13K" rating="849" ratingOrigin="FFG" registeringStatus="FIN" smmsCorrection="0"/>
<Player agaExpirationDate="" agaId="" club="31To" country="" egfPin="" ffgLicence="8652900" ffgLicenceStatus="L" firstName="Thomas" name="Chaboud" participating="11111111111111111111" rank="3D" rating="2328" ratingOrigin="FFG" registeringStatus="FIN" smmsCorrection="0"/>
<Player agaExpirationDate="" agaId="" club="31To" country="" egfPin="" ffgLicence="1300094" ffgLicenceStatus="L" firstName="Franck" name="Mastrippolito" participating="11111111111111111111" rank="15K" rating="599" ratingOrigin="FFG" registeringStatus="FIN" smmsCorrection="0"/>
<Player agaExpirationDate="" agaId="" club="31Pi" country="" egfPin="" ffgLicence="0352034" ffgLicenceStatus="L" firstName="Eric" name="Dubot" participating="11111111111111111111" rank="9K" rating="1154" ratingOrigin="FFG" registeringStatus="FIN" smmsCorrection="0"/>
<Player agaExpirationDate="" agaId="" club="31To" country="" egfPin="" ffgLicence="1300012" ffgLicenceStatus="L" firstName="François" name="Bournhonesque" participating="11111111111111111111" rank="6K" rating="1542" ratingOrigin="FFG" registeringStatus="FIN" smmsCorrection="0"/>
<Player agaExpirationDate="" agaId="" club="66Pe" country="" egfPin="" ffgLicence="0800204" ffgLicenceStatus="L" firstName="Vincent" name="Tosetto" participating="11111111111111111111" rank="7K" rating="1394" ratingOrigin="FFG" registeringStatus="FIN" smmsCorrection="0"/>
<Player agaExpirationDate="" agaId="" club="31Pi" country="" egfPin="" ffgLicence="1000131" ffgLicenceStatus="L" firstName="Eric" name="le_Flochmoen" participating="11111111111111111111" rank="11K" rating="970" ratingOrigin="FFG" registeringStatus="FIN" smmsCorrection="0"/>
<Player agaExpirationDate="" agaId="" club="66Pe" country="" egfPin="" ffgLicence="9378001" ffgLicenceStatus="L" firstName="Daniel" name="Tosetto" participating="11111111111111111111" rank="3K" rating="1758" ratingOrigin="FFG" registeringStatus="FIN" smmsCorrection="0"/>
<Player agaExpirationDate="" agaId="" club="31To" country="" egfPin="" ffgLicence="9237001" ffgLicenceStatus="L" firstName="Nicolas" name="Ducoin" participating="11111111111111111111" rank="2K" rating="1946" ratingOrigin="FFG" registeringStatus="FIN" smmsCorrection="0"/>
<Player agaExpirationDate="" agaId="" club="31To" country="" egfPin="" ffgLicence="0552012" ffgLicenceStatus="L" firstName="Laurent" name="Bourdron" participating="11111111111111111111" rank="8K" rating="1275" ratingOrigin="FFG" registeringStatus="FIN" smmsCorrection="0"/>
<Player agaExpirationDate="" agaId="" club="31To" country="" egfPin="" ffgLicence="1100066" ffgLicenceStatus="L" firstName="Pierre-Alain" name="Bouche" participating="11111111111111111111" rank="11K" rating="963" ratingOrigin="FFG" registeringStatus="FIN" smmsCorrection="0"/>
<Player agaExpirationDate="" agaId="" club="66Pe" country="" egfPin="" ffgLicence="1300089" ffgLicenceStatus="L" firstName="Sylvain" name="Bousquet" participating="11111111111111111111" rank="12K" rating="937" ratingOrigin="FFG" registeringStatus="FIN" smmsCorrection="0"/>
<Player agaExpirationDate="" agaId="" club="31Pi" country="" egfPin="" ffgLicence="0252007" ffgLicenceStatus="L" firstName="Jean-François" name="Menon" participating="11111111111111111111" rank="4K" rating="1738" ratingOrigin="FFG" registeringStatus="FIN" smmsCorrection="0"/>
<Player agaExpirationDate="" agaId="" club="31To" country="" egfPin="" ffgLicence="9721004" ffgLicenceStatus="L" firstName="Laurent" name="Lamôle" participating="11111111111111111111" rank="4K" rating="1733" ratingOrigin="FFG" registeringStatus="FIN" smmsCorrection="0"/>
<Player agaExpirationDate="" agaId="" club="31To" country="" egfPin="" ffgLicence="1200107" ffgLicenceStatus="L" firstName="Paul" name="Fraux" participating="11111111111111111111" rank="5K" rating="1574" ratingOrigin="FFG" registeringStatus="FIN" smmsCorrection="0"/>
<Player agaExpirationDate="" agaId="" club="56Lo" country="" egfPin="" ffgLicence="0634001" ffgLicenceStatus="L" firstName="Mathieu" name="Delli-Zotti" participating="11111111111111111111" rank="3D" rating="2297" ratingOrigin="FFG" registeringStatus="FIN" smmsCorrection="0"/>
<Player agaExpirationDate="" agaId="" club="31To" country="" egfPin="" ffgLicence="9752026" ffgLicenceStatus="L" firstName="Jean-François" name="Roussel" participating="11111111111111111111" rank="5K" rating="1623" ratingOrigin="FFG" registeringStatus="FIN" smmsCorrection="0"/>
<Player agaExpirationDate="" agaId="" club="31Pi" country="" egfPin="" ffgLicence="0452010" ffgLicenceStatus="L" firstName="Thomas" name="Dufour" participating="11111111111111111111" rank="3K" rating="1772" ratingOrigin="FFG" registeringStatus="FIN" smmsCorrection="0"/>
</Players>
<Games>
<Game blackPlayer="DUFOURTHOMAS" handicap="0" knownColor="true" result="RESULT_BLACKWINS" roundNumber="1" tableNumber="1" whitePlayer="DELLI-ZOTTIMATHIEU"/>
<Game blackPlayer="KRISSIANKARL" handicap="0" knownColor="true" result="RESULT_BLACKWINS" roundNumber="1" tableNumber="2" whitePlayer="MENONJEAN-FRANÇOIS"/>
<Game blackPlayer="DUBOTERIC" handicap="0" knownColor="true" result="RESULT_BLACKWINS" roundNumber="1" tableNumber="3" whitePlayer="PINKASFELDALAIN"/>
<Game blackPlayer="LAVALROLAND" handicap="0" knownColor="true" result="RESULT_WHITEWINS" roundNumber="2" tableNumber="9" whitePlayer="BROUARDDAVID"/>
<Game blackPlayer="SAVESERIC" handicap="0" knownColor="true" result="RESULT_UNKNOWN" roundNumber="1" tableNumber="4" whitePlayer="MIJONFÉLIX"/>
<Game blackPlayer="MIJONFÉLIX" handicap="0" knownColor="true" result="RESULT_BLACKWINS" roundNumber="1" tableNumber="5" whitePlayer="DUCOINNICOLAS"/>
<Game blackPlayer="BROUARDDAVID" handicap="0" knownColor="true" result="RESULT_WHITEWINS" roundNumber="1" tableNumber="6" whitePlayer="PORTALJEAN-JACQUES"/>
<Game blackPlayer="CHABOUDTHOMAS" handicap="0" knownColor="true" result="RESULT_WHITEWINS" roundNumber="1" tableNumber="7" whitePlayer="LE_FLOCHMOENERIC"/>
<Game blackPlayer="GHAFARILÉO" handicap="0" knownColor="true" result="RESULT_WHITEWINS" roundNumber="1" tableNumber="8" whitePlayer="ROUSSELJEAN-FRANÇOIS"/>
<Game blackPlayer="GABARDJEAN-FRANÇOIS" handicap="0" knownColor="true" result="RESULT_BLACKWINS" roundNumber="1" tableNumber="9" whitePlayer="LAVALROLAND"/>
<Game blackPlayer="BOURDRONLAURENT" handicap="0" knownColor="true" result="RESULT_BLACKWINS" roundNumber="1" tableNumber="10" whitePlayer="PIOTALEXANDRE"/>
<Game blackPlayer="DUBOTERIC" handicap="0" knownColor="true" result="RESULT_BLACKWINS" roundNumber="3" tableNumber="3" whitePlayer="LAVALROLAND"/>
<Game blackPlayer="DELLI-ZOTTIMATHIEU" handicap="0" knownColor="true" result="RESULT_BLACKWINS" roundNumber="3" tableNumber="4" whitePlayer="MIJONFÉLIX"/>
<Game blackPlayer="DUFOURTHOMAS" handicap="0" knownColor="true" result="RESULT_BLACKWINS" roundNumber="3" tableNumber="1" whitePlayer="LE_FLOCHMOENERIC"/>
<Game blackPlayer="GHAFARILÉO" handicap="0" knownColor="true" result="RESULT_BLACKWINS" roundNumber="3" tableNumber="2" whitePlayer="MENONJEAN-FRANÇOIS"/>
<Game blackPlayer="DUCOINNICOLAS" handicap="0" knownColor="true" result="RESULT_WHITEWINS" roundNumber="3" tableNumber="7" whitePlayer="CHABOUDTHOMAS"/>
<Game blackPlayer="ROUSSELJEAN-FRANÇOIS" handicap="0" knownColor="true" result="RESULT_BLACKWINS" roundNumber="3" tableNumber="8" whitePlayer="SAVESERIC"/>
<Game blackPlayer="PORTALJEAN-JACQUES" handicap="0" knownColor="true" result="RESULT_BLACKWINS" roundNumber="3" tableNumber="5" whitePlayer="KRISSIANKARL"/>
<Game blackPlayer="PINKASFELDALAIN" handicap="0" knownColor="true" result="RESULT_BLACKWINS" roundNumber="3" tableNumber="6" whitePlayer="BOURDRONLAURENT"/>
<Game blackPlayer="MENONJEAN-FRANÇOIS" handicap="0" knownColor="true" result="RESULT_BLACKWINS" roundNumber="2" tableNumber="2" whitePlayer="PORTALJEAN-JACQUES"/>
<Game blackPlayer="MIJONFÉLIX" handicap="0" knownColor="true" result="RESULT_WHITEWINS" roundNumber="2" tableNumber="1" whitePlayer="DUFOURTHOMAS"/>
<Game blackPlayer="BOURNHONESQUEFRANÇOIS" handicap="0" knownColor="true" result="RESULT_BLACKWINS" roundNumber="3" tableNumber="9" whitePlayer="GABARDJEAN-FRANÇOIS"/>
<Game blackPlayer="DELLI-ZOTTIMATHIEU" handicap="0" knownColor="true" result="RESULT_BLACKWINS" roundNumber="2" tableNumber="4" whitePlayer="CHABOUDTHOMAS"/>
<Game blackPlayer="BOURDRONLAURENT" handicap="0" knownColor="true" result="RESULT_BLACKWINS" roundNumber="2" tableNumber="3" whitePlayer="DUBOTERIC"/>
<Game blackPlayer="PINKASFELDALAIN" handicap="0" knownColor="true" result="RESULT_BLACKWINS" roundNumber="2" tableNumber="6" whitePlayer="GABARDJEAN-FRANÇOIS"/>
<Game blackPlayer="ROUSSELJEAN-FRANÇOIS" handicap="0" knownColor="true" result="RESULT_WHITEWINS" roundNumber="2" tableNumber="5" whitePlayer="KRISSIANKARL"/>
<Game blackPlayer="BOURNHONESQUEFRANÇOIS" handicap="0" knownColor="true" result="RESULT_WHITEWINS" roundNumber="2" tableNumber="8" whitePlayer="GHAFARILÉO"/>
<Game blackPlayer="LE_FLOCHMOENERIC" handicap="0" knownColor="true" result="RESULT_BLACKWINS" roundNumber="2" tableNumber="7" whitePlayer="SAVESERIC"/>
</Games>
<Teams>
<Team teamName="Les Onériens" teamNumber="9">
<Board boardNumber="1" player="CHABOUDTHOMAS" roundNumber="1"/>
<Board boardNumber="2" player="ROUSSELJEAN-FRANÇOIS" roundNumber="1"/>
<Board boardNumber="3" player="GABARDJEAN-FRANÇOIS" roundNumber="1"/>
<Board boardNumber="1" player="CHABOUDTHOMAS" roundNumber="2"/>
<Board boardNumber="2" player="ROUSSELJEAN-FRANÇOIS" roundNumber="2"/>
<Board boardNumber="3" player="GABARDJEAN-FRANÇOIS" roundNumber="2"/>
<Board boardNumber="1" player="CHABOUDTHOMAS" roundNumber="3"/>
<Board boardNumber="2" player="ROUSSELJEAN-FRANÇOIS" roundNumber="3"/>
<Board boardNumber="3" player="GABARDJEAN-FRANÇOIS" roundNumber="3"/>
<Board boardNumber="1" player="CHABOUDTHOMAS" roundNumber="4"/>
<Board boardNumber="2" player="ROUSSELJEAN-FRANÇOIS" roundNumber="4"/>
<Board boardNumber="3" player="GABARDJEAN-FRANÇOIS" roundNumber="4"/>
<Board boardNumber="1" player="CHABOUDTHOMAS" roundNumber="5"/>
<Board boardNumber="2" player="ROUSSELJEAN-FRANÇOIS" roundNumber="5"/>
<Board boardNumber="3" player="GABARDJEAN-FRANÇOIS" roundNumber="5"/>
<Board boardNumber="1" player="CHABOUDTHOMAS" roundNumber="6"/>
<Board boardNumber="2" player="ROUSSELJEAN-FRANÇOIS" roundNumber="6"/>
<Board boardNumber="3" player="GABARDJEAN-FRANÇOIS" roundNumber="6"/>
<Board boardNumber="1" player="CHABOUDTHOMAS" roundNumber="7"/>
<Board boardNumber="2" player="ROUSSELJEAN-FRANÇOIS" roundNumber="7"/>
<Board boardNumber="3" player="GABARDJEAN-FRANÇOIS" roundNumber="7"/>
<Board boardNumber="1" player="CHABOUDTHOMAS" roundNumber="8"/>
<Board boardNumber="2" player="ROUSSELJEAN-FRANÇOIS" roundNumber="8"/>
<Board boardNumber="3" player="GABARDJEAN-FRANÇOIS" roundNumber="8"/>
<Board boardNumber="1" player="CHABOUDTHOMAS" roundNumber="9"/>
<Board boardNumber="2" player="ROUSSELJEAN-FRANÇOIS" roundNumber="9"/>
<Board boardNumber="3" player="GABARDJEAN-FRANÇOIS" roundNumber="9"/>
<Board boardNumber="1" player="CHABOUDTHOMAS" roundNumber="10"/>
<Board boardNumber="2" player="ROUSSELJEAN-FRANÇOIS" roundNumber="10"/>
<Board boardNumber="3" player="GABARDJEAN-FRANÇOIS" roundNumber="10"/>
<Board boardNumber="1" player="CHABOUDTHOMAS" roundNumber="11"/>
<Board boardNumber="2" player="ROUSSELJEAN-FRANÇOIS" roundNumber="11"/>
<Board boardNumber="3" player="GABARDJEAN-FRANÇOIS" roundNumber="11"/>
<Board boardNumber="1" player="CHABOUDTHOMAS" roundNumber="12"/>
<Board boardNumber="2" player="ROUSSELJEAN-FRANÇOIS" roundNumber="12"/>
<Board boardNumber="3" player="GABARDJEAN-FRANÇOIS" roundNumber="12"/>
<Board boardNumber="1" player="CHABOUDTHOMAS" roundNumber="13"/>
<Board boardNumber="2" player="ROUSSELJEAN-FRANÇOIS" roundNumber="13"/>
<Board boardNumber="3" player="GABARDJEAN-FRANÇOIS" roundNumber="13"/>
<Board boardNumber="1" player="CHABOUDTHOMAS" roundNumber="14"/>
<Board boardNumber="2" player="ROUSSELJEAN-FRANÇOIS" roundNumber="14"/>
<Board boardNumber="3" player="GABARDJEAN-FRANÇOIS" roundNumber="14"/>
<Board boardNumber="1" player="CHABOUDTHOMAS" roundNumber="15"/>
<Board boardNumber="2" player="ROUSSELJEAN-FRANÇOIS" roundNumber="15"/>
<Board boardNumber="3" player="GABARDJEAN-FRANÇOIS" roundNumber="15"/>
<Board boardNumber="1" player="CHABOUDTHOMAS" roundNumber="16"/>
<Board boardNumber="2" player="ROUSSELJEAN-FRANÇOIS" roundNumber="16"/>
<Board boardNumber="3" player="GABARDJEAN-FRANÇOIS" roundNumber="16"/>
<Board boardNumber="1" player="CHABOUDTHOMAS" roundNumber="17"/>
<Board boardNumber="2" player="ROUSSELJEAN-FRANÇOIS" roundNumber="17"/>
<Board boardNumber="3" player="GABARDJEAN-FRANÇOIS" roundNumber="17"/>
<Board boardNumber="1" player="CHABOUDTHOMAS" roundNumber="18"/>
<Board boardNumber="2" player="ROUSSELJEAN-FRANÇOIS" roundNumber="18"/>
<Board boardNumber="3" player="GABARDJEAN-FRANÇOIS" roundNumber="18"/>
<Board boardNumber="1" player="CHABOUDTHOMAS" roundNumber="19"/>
<Board boardNumber="2" player="ROUSSELJEAN-FRANÇOIS" roundNumber="19"/>
<Board boardNumber="3" player="GABARDJEAN-FRANÇOIS" roundNumber="19"/>
<Board boardNumber="1" player="CHABOUDTHOMAS" roundNumber="20"/>
<Board boardNumber="2" player="ROUSSELJEAN-FRANÇOIS" roundNumber="20"/>
<Board boardNumber="3" player="GABARDJEAN-FRANÇOIS" roundNumber="20"/>
</Team>
<Team teamName="Perpignan-C'est qui les fous" teamNumber="5">
<Board boardNumber="1" player="DELLI-ZOTTIMATHIEU" roundNumber="1"/>
<Board boardNumber="2" player="KRISSIANKARL" roundNumber="1"/>
<Board boardNumber="3" player="PINKASFELDALAIN" roundNumber="1"/>
<Board boardNumber="1" player="DELLI-ZOTTIMATHIEU" roundNumber="2"/>
<Board boardNumber="2" player="KRISSIANKARL" roundNumber="2"/>
<Board boardNumber="3" player="PINKASFELDALAIN" roundNumber="2"/>
<Board boardNumber="1" player="DELLI-ZOTTIMATHIEU" roundNumber="3"/>
<Board boardNumber="2" player="KRISSIANKARL" roundNumber="3"/>
<Board boardNumber="3" player="PINKASFELDALAIN" roundNumber="3"/>
<Board boardNumber="1" player="DELLI-ZOTTIMATHIEU" roundNumber="4"/>
<Board boardNumber="2" player="KRISSIANKARL" roundNumber="4"/>
<Board boardNumber="3" player="PINKASFELDALAIN" roundNumber="4"/>
<Board boardNumber="1" player="DELLI-ZOTTIMATHIEU" roundNumber="5"/>
<Board boardNumber="2" player="KRISSIANKARL" roundNumber="5"/>
<Board boardNumber="3" player="PINKASFELDALAIN" roundNumber="5"/>
<Board boardNumber="1" player="DELLI-ZOTTIMATHIEU" roundNumber="6"/>
<Board boardNumber="2" player="KRISSIANKARL" roundNumber="6"/>
<Board boardNumber="3" player="PINKASFELDALAIN" roundNumber="6"/>
<Board boardNumber="1" player="DELLI-ZOTTIMATHIEU" roundNumber="7"/>
<Board boardNumber="2" player="KRISSIANKARL" roundNumber="7"/>
<Board boardNumber="3" player="PINKASFELDALAIN" roundNumber="7"/>
<Board boardNumber="1" player="DELLI-ZOTTIMATHIEU" roundNumber="8"/>
<Board boardNumber="2" player="KRISSIANKARL" roundNumber="8"/>
<Board boardNumber="3" player="PINKASFELDALAIN" roundNumber="8"/>
<Board boardNumber="1" player="DELLI-ZOTTIMATHIEU" roundNumber="9"/>
<Board boardNumber="2" player="KRISSIANKARL" roundNumber="9"/>
<Board boardNumber="3" player="PINKASFELDALAIN" roundNumber="9"/>
<Board boardNumber="1" player="DELLI-ZOTTIMATHIEU" roundNumber="10"/>
<Board boardNumber="2" player="KRISSIANKARL" roundNumber="10"/>
<Board boardNumber="3" player="PINKASFELDALAIN" roundNumber="10"/>
<Board boardNumber="1" player="DELLI-ZOTTIMATHIEU" roundNumber="11"/>
<Board boardNumber="2" player="KRISSIANKARL" roundNumber="11"/>
<Board boardNumber="3" player="PINKASFELDALAIN" roundNumber="11"/>
<Board boardNumber="1" player="DELLI-ZOTTIMATHIEU" roundNumber="12"/>
<Board boardNumber="2" player="KRISSIANKARL" roundNumber="12"/>
<Board boardNumber="3" player="PINKASFELDALAIN" roundNumber="12"/>
<Board boardNumber="1" player="DELLI-ZOTTIMATHIEU" roundNumber="13"/>
<Board boardNumber="2" player="KRISSIANKARL" roundNumber="13"/>
<Board boardNumber="3" player="PINKASFELDALAIN" roundNumber="13"/>
<Board boardNumber="1" player="DELLI-ZOTTIMATHIEU" roundNumber="14"/>
<Board boardNumber="2" player="KRISSIANKARL" roundNumber="14"/>
<Board boardNumber="3" player="PINKASFELDALAIN" roundNumber="14"/>
<Board boardNumber="1" player="DELLI-ZOTTIMATHIEU" roundNumber="15"/>
<Board boardNumber="2" player="KRISSIANKARL" roundNumber="15"/>
<Board boardNumber="3" player="PINKASFELDALAIN" roundNumber="15"/>
<Board boardNumber="1" player="DELLI-ZOTTIMATHIEU" roundNumber="16"/>
<Board boardNumber="2" player="KRISSIANKARL" roundNumber="16"/>
<Board boardNumber="3" player="PINKASFELDALAIN" roundNumber="16"/>
<Board boardNumber="1" player="DELLI-ZOTTIMATHIEU" roundNumber="17"/>
<Board boardNumber="2" player="KRISSIANKARL" roundNumber="17"/>
<Board boardNumber="3" player="PINKASFELDALAIN" roundNumber="17"/>
<Board boardNumber="1" player="DELLI-ZOTTIMATHIEU" roundNumber="18"/>
<Board boardNumber="2" player="KRISSIANKARL" roundNumber="18"/>
<Board boardNumber="3" player="PINKASFELDALAIN" roundNumber="18"/>
<Board boardNumber="1" player="DELLI-ZOTTIMATHIEU" roundNumber="19"/>
<Board boardNumber="2" player="KRISSIANKARL" roundNumber="19"/>
<Board boardNumber="3" player="PINKASFELDALAIN" roundNumber="19"/>
<Board boardNumber="1" player="DELLI-ZOTTIMATHIEU" roundNumber="20"/>
<Board boardNumber="2" player="KRISSIANKARL" roundNumber="20"/>
<Board boardNumber="3" player="PINKASFELDALAIN" roundNumber="20"/>
</Team>
<Team teamName="Les Casse-Schicho" teamNumber="6">
<Board boardNumber="1" player="DUCOINNICOLAS" roundNumber="1"/>
<Board boardNumber="2" player="BROUARDDAVID" roundNumber="1"/>
<Board boardNumber="3" player="PIOTALEXANDRE" roundNumber="1"/>
<Board boardNumber="1" player="SAVESERIC" roundNumber="2"/>
<Board boardNumber="2" player="BOURNHONESQUEFRANÇOIS" roundNumber="2"/>
<Board boardNumber="3" player="BROUARDDAVID" roundNumber="2"/>
<Board boardNumber="1" player="DUCOINNICOLAS" roundNumber="3"/>
<Board boardNumber="2" player="SAVESERIC" roundNumber="3"/>
<Board boardNumber="3" player="BOURNHONESQUEFRANÇOIS" roundNumber="3"/>
<Board boardNumber="1" player="DUCOINNICOLAS" roundNumber="4"/>
<Board boardNumber="2" player="SAVESERIC" roundNumber="4"/>
<Board boardNumber="3" player="BOURNHONESQUEFRANÇOIS" roundNumber="4"/>
<Board boardNumber="1" player="DUCOINNICOLAS" roundNumber="5"/>
<Board boardNumber="2" player="SAVESERIC" roundNumber="5"/>
<Board boardNumber="3" player="BOURNHONESQUEFRANÇOIS" roundNumber="5"/>
<Board boardNumber="1" player="DUCOINNICOLAS" roundNumber="6"/>
<Board boardNumber="2" player="SAVESERIC" roundNumber="6"/>
<Board boardNumber="3" player="BOURNHONESQUEFRANÇOIS" roundNumber="6"/>
<Board boardNumber="1" player="DUCOINNICOLAS" roundNumber="7"/>
<Board boardNumber="2" player="SAVESERIC" roundNumber="7"/>
<Board boardNumber="3" player="BOURNHONESQUEFRANÇOIS" roundNumber="7"/>
<Board boardNumber="1" player="DUCOINNICOLAS" roundNumber="8"/>
<Board boardNumber="2" player="SAVESERIC" roundNumber="8"/>
<Board boardNumber="3" player="BOURNHONESQUEFRANÇOIS" roundNumber="8"/>
<Board boardNumber="1" player="DUCOINNICOLAS" roundNumber="9"/>
<Board boardNumber="2" player="SAVESERIC" roundNumber="9"/>
<Board boardNumber="3" player="BOURNHONESQUEFRANÇOIS" roundNumber="9"/>
<Board boardNumber="1" player="DUCOINNICOLAS" roundNumber="10"/>
<Board boardNumber="2" player="SAVESERIC" roundNumber="10"/>
<Board boardNumber="3" player="BOURNHONESQUEFRANÇOIS" roundNumber="10"/>
<Board boardNumber="1" player="DUCOINNICOLAS" roundNumber="11"/>
<Board boardNumber="2" player="SAVESERIC" roundNumber="11"/>
<Board boardNumber="3" player="BOURNHONESQUEFRANÇOIS" roundNumber="11"/>
<Board boardNumber="1" player="DUCOINNICOLAS" roundNumber="12"/>
<Board boardNumber="2" player="SAVESERIC" roundNumber="12"/>
<Board boardNumber="3" player="BOURNHONESQUEFRANÇOIS" roundNumber="12"/>
<Board boardNumber="1" player="DUCOINNICOLAS" roundNumber="13"/>
<Board boardNumber="2" player="SAVESERIC" roundNumber="13"/>
<Board boardNumber="3" player="BOURNHONESQUEFRANÇOIS" roundNumber="13"/>
<Board boardNumber="1" player="DUCOINNICOLAS" roundNumber="14"/>
<Board boardNumber="2" player="SAVESERIC" roundNumber="14"/>
<Board boardNumber="3" player="BOURNHONESQUEFRANÇOIS" roundNumber="14"/>
<Board boardNumber="1" player="DUCOINNICOLAS" roundNumber="15"/>
<Board boardNumber="2" player="SAVESERIC" roundNumber="15"/>
<Board boardNumber="3" player="BOURNHONESQUEFRANÇOIS" roundNumber="15"/>
<Board boardNumber="1" player="DUCOINNICOLAS" roundNumber="16"/>
<Board boardNumber="2" player="SAVESERIC" roundNumber="16"/>
<Board boardNumber="3" player="BOURNHONESQUEFRANÇOIS" roundNumber="16"/>
<Board boardNumber="1" player="DUCOINNICOLAS" roundNumber="17"/>
<Board boardNumber="2" player="SAVESERIC" roundNumber="17"/>
<Board boardNumber="3" player="BOURNHONESQUEFRANÇOIS" roundNumber="17"/>
<Board boardNumber="1" player="DUCOINNICOLAS" roundNumber="18"/>
<Board boardNumber="2" player="SAVESERIC" roundNumber="18"/>
<Board boardNumber="3" player="BOURNHONESQUEFRANÇOIS" roundNumber="18"/>
<Board boardNumber="1" player="DUCOINNICOLAS" roundNumber="19"/>
<Board boardNumber="2" player="SAVESERIC" roundNumber="19"/>
<Board boardNumber="3" player="BOURNHONESQUEFRANÇOIS" roundNumber="19"/>
<Board boardNumber="1" player="DUCOINNICOLAS" roundNumber="20"/>
<Board boardNumber="2" player="SAVESERIC" roundNumber="20"/>
<Board boardNumber="3" player="BOURNHONESQUEFRANÇOIS" roundNumber="20"/>
</Team>
<Team teamName="Pibrac Origins" teamNumber="1">
<Board boardNumber="1" player="DUFOURTHOMAS" roundNumber="1"/>
<Board boardNumber="2" player="MENONJEAN-FRANÇOIS" roundNumber="1"/>
<Board boardNumber="3" player="DUBOTERIC" roundNumber="1"/>
<Board boardNumber="1" player="DUFOURTHOMAS" roundNumber="2"/>
<Board boardNumber="2" player="MENONJEAN-FRANÇOIS" roundNumber="2"/>
<Board boardNumber="3" player="DUBOTERIC" roundNumber="2"/>
<Board boardNumber="1" player="DUFOURTHOMAS" roundNumber="3"/>
<Board boardNumber="2" player="MENONJEAN-FRANÇOIS" roundNumber="3"/>
<Board boardNumber="3" player="DUBOTERIC" roundNumber="3"/>
<Board boardNumber="1" player="DUFOURTHOMAS" roundNumber="4"/>
<Board boardNumber="2" player="MENONJEAN-FRANÇOIS" roundNumber="4"/>
<Board boardNumber="3" player="DUBOTERIC" roundNumber="4"/>
<Board boardNumber="1" player="DUFOURTHOMAS" roundNumber="5"/>
<Board boardNumber="2" player="MENONJEAN-FRANÇOIS" roundNumber="5"/>
<Board boardNumber="3" player="DUBOTERIC" roundNumber="5"/>
<Board boardNumber="1" player="DUFOURTHOMAS" roundNumber="6"/>
<Board boardNumber="2" player="MENONJEAN-FRANÇOIS" roundNumber="6"/>
<Board boardNumber="3" player="DUBOTERIC" roundNumber="6"/>
<Board boardNumber="1" player="DUFOURTHOMAS" roundNumber="7"/>
<Board boardNumber="2" player="MENONJEAN-FRANÇOIS" roundNumber="7"/>
<Board boardNumber="3" player="DUBOTERIC" roundNumber="7"/>
<Board boardNumber="1" player="DUFOURTHOMAS" roundNumber="8"/>
<Board boardNumber="2" player="MENONJEAN-FRANÇOIS" roundNumber="8"/>
<Board boardNumber="3" player="DUBOTERIC" roundNumber="8"/>
<Board boardNumber="1" player="DUFOURTHOMAS" roundNumber="9"/>
<Board boardNumber="2" player="MENONJEAN-FRANÇOIS" roundNumber="9"/>
<Board boardNumber="3" player="DUBOTERIC" roundNumber="9"/>
<Board boardNumber="1" player="DUFOURTHOMAS" roundNumber="10"/>
<Board boardNumber="2" player="MENONJEAN-FRANÇOIS" roundNumber="10"/>
<Board boardNumber="3" player="DUBOTERIC" roundNumber="10"/>
<Board boardNumber="1" player="DUFOURTHOMAS" roundNumber="11"/>
<Board boardNumber="2" player="MENONJEAN-FRANÇOIS" roundNumber="11"/>
<Board boardNumber="3" player="DUBOTERIC" roundNumber="11"/>
<Board boardNumber="1" player="DUFOURTHOMAS" roundNumber="12"/>
<Board boardNumber="2" player="MENONJEAN-FRANÇOIS" roundNumber="12"/>
<Board boardNumber="3" player="DUBOTERIC" roundNumber="12"/>
<Board boardNumber="1" player="DUFOURTHOMAS" roundNumber="13"/>
<Board boardNumber="2" player="MENONJEAN-FRANÇOIS" roundNumber="13"/>
<Board boardNumber="3" player="DUBOTERIC" roundNumber="13"/>
<Board boardNumber="1" player="DUFOURTHOMAS" roundNumber="14"/>
<Board boardNumber="2" player="MENONJEAN-FRANÇOIS" roundNumber="14"/>
<Board boardNumber="3" player="DUBOTERIC" roundNumber="14"/>
<Board boardNumber="1" player="DUFOURTHOMAS" roundNumber="15"/>
<Board boardNumber="2" player="MENONJEAN-FRANÇOIS" roundNumber="15"/>
<Board boardNumber="3" player="DUBOTERIC" roundNumber="15"/>
<Board boardNumber="1" player="DUFOURTHOMAS" roundNumber="16"/>
<Board boardNumber="2" player="MENONJEAN-FRANÇOIS" roundNumber="16"/>
<Board boardNumber="3" player="DUBOTERIC" roundNumber="16"/>
<Board boardNumber="1" player="DUFOURTHOMAS" roundNumber="17"/>
<Board boardNumber="2" player="MENONJEAN-FRANÇOIS" roundNumber="17"/>
<Board boardNumber="3" player="DUBOTERIC" roundNumber="17"/>
<Board boardNumber="1" player="DUFOURTHOMAS" roundNumber="18"/>
<Board boardNumber="2" player="MENONJEAN-FRANÇOIS" roundNumber="18"/>
<Board boardNumber="3" player="DUBOTERIC" roundNumber="18"/>
<Board boardNumber="1" player="DUFOURTHOMAS" roundNumber="19"/>
<Board boardNumber="2" player="MENONJEAN-FRANÇOIS" roundNumber="19"/>
<Board boardNumber="3" player="DUBOTERIC" roundNumber="19"/>
<Board boardNumber="1" player="DUFOURTHOMAS" roundNumber="20"/>
<Board boardNumber="2" player="MENONJEAN-FRANÇOIS" roundNumber="20"/>
<Board boardNumber="3" player="DUBOTERIC" roundNumber="20"/>
</Team>
<Team teamName="Sanzaru" teamNumber="8">
<Board boardNumber="1" player="MIJONFÉLIX" roundNumber="1"/>
<Board boardNumber="2" player="PORTALJEAN-JACQUES" roundNumber="1"/>
<Board boardNumber="3" player="BOURDRONLAURENT" roundNumber="1"/>
<Board boardNumber="1" player="MIJONFÉLIX" roundNumber="2"/>
<Board boardNumber="2" player="PORTALJEAN-JACQUES" roundNumber="2"/>
<Board boardNumber="3" player="BOURDRONLAURENT" roundNumber="2"/>
<Board boardNumber="1" player="MIJONFÉLIX" roundNumber="3"/>
<Board boardNumber="2" player="PORTALJEAN-JACQUES" roundNumber="3"/>
<Board boardNumber="3" player="BOURDRONLAURENT" roundNumber="3"/>
<Board boardNumber="1" player="MIJONFÉLIX" roundNumber="4"/>
<Board boardNumber="2" player="PORTALJEAN-JACQUES" roundNumber="4"/>
<Board boardNumber="3" player="BOURDRONLAURENT" roundNumber="4"/>
<Board boardNumber="1" player="MIJONFÉLIX" roundNumber="5"/>
<Board boardNumber="2" player="PORTALJEAN-JACQUES" roundNumber="5"/>
<Board boardNumber="3" player="BOURDRONLAURENT" roundNumber="5"/>
<Board boardNumber="1" player="MIJONFÉLIX" roundNumber="6"/>
<Board boardNumber="2" player="PORTALJEAN-JACQUES" roundNumber="6"/>
<Board boardNumber="3" player="BOURDRONLAURENT" roundNumber="6"/>
<Board boardNumber="1" player="MIJONFÉLIX" roundNumber="7"/>
<Board boardNumber="2" player="PORTALJEAN-JACQUES" roundNumber="7"/>
<Board boardNumber="3" player="BOURDRONLAURENT" roundNumber="7"/>
<Board boardNumber="1" player="MIJONFÉLIX" roundNumber="8"/>
<Board boardNumber="2" player="PORTALJEAN-JACQUES" roundNumber="8"/>
<Board boardNumber="3" player="BOURDRONLAURENT" roundNumber="8"/>
<Board boardNumber="1" player="MIJONFÉLIX" roundNumber="9"/>
<Board boardNumber="2" player="PORTALJEAN-JACQUES" roundNumber="9"/>
<Board boardNumber="3" player="BOURDRONLAURENT" roundNumber="9"/>
<Board boardNumber="1" player="MIJONFÉLIX" roundNumber="10"/>
<Board boardNumber="2" player="PORTALJEAN-JACQUES" roundNumber="10"/>
<Board boardNumber="3" player="BOURDRONLAURENT" roundNumber="10"/>
<Board boardNumber="1" player="MIJONFÉLIX" roundNumber="11"/>
<Board boardNumber="2" player="PORTALJEAN-JACQUES" roundNumber="11"/>
<Board boardNumber="3" player="BOURDRONLAURENT" roundNumber="11"/>
<Board boardNumber="1" player="MIJONFÉLIX" roundNumber="12"/>
<Board boardNumber="2" player="PORTALJEAN-JACQUES" roundNumber="12"/>
<Board boardNumber="3" player="BOURDRONLAURENT" roundNumber="12"/>
<Board boardNumber="1" player="MIJONFÉLIX" roundNumber="13"/>
<Board boardNumber="2" player="PORTALJEAN-JACQUES" roundNumber="13"/>
<Board boardNumber="3" player="BOURDRONLAURENT" roundNumber="13"/>
<Board boardNumber="1" player="MIJONFÉLIX" roundNumber="14"/>
<Board boardNumber="2" player="PORTALJEAN-JACQUES" roundNumber="14"/>
<Board boardNumber="3" player="BOURDRONLAURENT" roundNumber="14"/>
<Board boardNumber="1" player="MIJONFÉLIX" roundNumber="15"/>
<Board boardNumber="2" player="PORTALJEAN-JACQUES" roundNumber="15"/>
<Board boardNumber="3" player="BOURDRONLAURENT" roundNumber="15"/>
<Board boardNumber="1" player="MIJONFÉLIX" roundNumber="16"/>
<Board boardNumber="2" player="PORTALJEAN-JACQUES" roundNumber="16"/>
<Board boardNumber="3" player="BOURDRONLAURENT" roundNumber="16"/>
<Board boardNumber="1" player="MIJONFÉLIX" roundNumber="17"/>
<Board boardNumber="2" player="PORTALJEAN-JACQUES" roundNumber="17"/>
<Board boardNumber="3" player="BOURDRONLAURENT" roundNumber="17"/>
<Board boardNumber="1" player="MIJONFÉLIX" roundNumber="18"/>
<Board boardNumber="2" player="PORTALJEAN-JACQUES" roundNumber="18"/>
<Board boardNumber="3" player="BOURDRONLAURENT" roundNumber="18"/>
<Board boardNumber="1" player="MIJONFÉLIX" roundNumber="19"/>
<Board boardNumber="2" player="PORTALJEAN-JACQUES" roundNumber="19"/>
<Board boardNumber="3" player="BOURDRONLAURENT" roundNumber="19"/>
<Board boardNumber="1" player="MIJONFÉLIX" roundNumber="20"/>
<Board boardNumber="2" player="PORTALJEAN-JACQUES" roundNumber="20"/>
<Board boardNumber="3" player="BOURDRONLAURENT" roundNumber="20"/>
</Team>
<Team teamName="Pibrac AC3" teamNumber="12">
<Board boardNumber="1" player="LE_FLOCHMOENERIC" roundNumber="1"/>
<Board boardNumber="2" player="GHAFARILÉO" roundNumber="1"/>
<Board boardNumber="3" player="LAVALROLAND" roundNumber="1"/>
<Board boardNumber="1" player="LE_FLOCHMOENERIC" roundNumber="2"/>
<Board boardNumber="2" player="GHAFARILÉO" roundNumber="2"/>
<Board boardNumber="3" player="LAVALROLAND" roundNumber="2"/>
<Board boardNumber="1" player="LE_FLOCHMOENERIC" roundNumber="3"/>
<Board boardNumber="2" player="GHAFARILÉO" roundNumber="3"/>
<Board boardNumber="3" player="LAVALROLAND" roundNumber="3"/>
<Board boardNumber="1" player="LE_FLOCHMOENERIC" roundNumber="4"/>
<Board boardNumber="2" player="GHAFARILÉO" roundNumber="4"/>
<Board boardNumber="3" player="LAVALROLAND" roundNumber="4"/>
<Board boardNumber="1" player="LE_FLOCHMOENERIC" roundNumber="5"/>
<Board boardNumber="2" player="GHAFARILÉO" roundNumber="5"/>
<Board boardNumber="3" player="LAVALROLAND" roundNumber="5"/>
<Board boardNumber="1" player="LE_FLOCHMOENERIC" roundNumber="6"/>
<Board boardNumber="2" player="GHAFARILÉO" roundNumber="6"/>
<Board boardNumber="3" player="LAVALROLAND" roundNumber="6"/>
<Board boardNumber="1" player="LE_FLOCHMOENERIC" roundNumber="7"/>
<Board boardNumber="2" player="GHAFARILÉO" roundNumber="7"/>
<Board boardNumber="3" player="LAVALROLAND" roundNumber="7"/>
<Board boardNumber="1" player="LE_FLOCHMOENERIC" roundNumber="8"/>
<Board boardNumber="2" player="GHAFARILÉO" roundNumber="8"/>
<Board boardNumber="3" player="LAVALROLAND" roundNumber="8"/>
<Board boardNumber="1" player="LE_FLOCHMOENERIC" roundNumber="9"/>
<Board boardNumber="2" player="GHAFARILÉO" roundNumber="9"/>
<Board boardNumber="3" player="LAVALROLAND" roundNumber="9"/>
<Board boardNumber="1" player="LE_FLOCHMOENERIC" roundNumber="10"/>
<Board boardNumber="2" player="GHAFARILÉO" roundNumber="10"/>
<Board boardNumber="3" player="LAVALROLAND" roundNumber="10"/>
<Board boardNumber="1" player="LE_FLOCHMOENERIC" roundNumber="11"/>
<Board boardNumber="2" player="GHAFARILÉO" roundNumber="11"/>
<Board boardNumber="3" player="LAVALROLAND" roundNumber="11"/>
<Board boardNumber="1" player="LE_FLOCHMOENERIC" roundNumber="12"/>
<Board boardNumber="2" player="GHAFARILÉO" roundNumber="12"/>
<Board boardNumber="3" player="LAVALROLAND" roundNumber="12"/>
<Board boardNumber="1" player="LE_FLOCHMOENERIC" roundNumber="13"/>
<Board boardNumber="2" player="GHAFARILÉO" roundNumber="13"/>
<Board boardNumber="3" player="LAVALROLAND" roundNumber="13"/>
<Board boardNumber="1" player="LE_FLOCHMOENERIC" roundNumber="14"/>
<Board boardNumber="2" player="GHAFARILÉO" roundNumber="14"/>
<Board boardNumber="3" player="LAVALROLAND" roundNumber="14"/>
<Board boardNumber="1" player="LE_FLOCHMOENERIC" roundNumber="15"/>
<Board boardNumber="2" player="GHAFARILÉO" roundNumber="15"/>
<Board boardNumber="3" player="LAVALROLAND" roundNumber="15"/>
<Board boardNumber="1" player="LE_FLOCHMOENERIC" roundNumber="16"/>
<Board boardNumber="2" player="GHAFARILÉO" roundNumber="16"/>
<Board boardNumber="3" player="LAVALROLAND" roundNumber="16"/>
<Board boardNumber="1" player="LE_FLOCHMOENERIC" roundNumber="17"/>
<Board boardNumber="2" player="GHAFARILÉO" roundNumber="17"/>
<Board boardNumber="3" player="LAVALROLAND" roundNumber="17"/>
<Board boardNumber="1" player="LE_FLOCHMOENERIC" roundNumber="18"/>
<Board boardNumber="2" player="GHAFARILÉO" roundNumber="18"/>
<Board boardNumber="3" player="LAVALROLAND" roundNumber="18"/>
<Board boardNumber="1" player="LE_FLOCHMOENERIC" roundNumber="19"/>
<Board boardNumber="2" player="GHAFARILÉO" roundNumber="19"/>
<Board boardNumber="3" player="LAVALROLAND" roundNumber="19"/>
<Board boardNumber="1" player="LE_FLOCHMOENERIC" roundNumber="20"/>
<Board boardNumber="2" player="GHAFARILÉO" roundNumber="20"/>
<Board boardNumber="3" player="LAVALROLAND" roundNumber="20"/>
</Team>
</Teams>
<TournamentParameterSet>
<GeneralParameterSet basicTime="30" beginDate="2013-02-02" canByoYomiTime="300" complementaryTimeSystem="CANBYOYOMI" director="" endDate="2013-02-02" fischerTime="10" genMMBar="1D" genMMFloor="20K" genMMS2ValueAbsent="1" genMMS2ValueBye="2" genNBW2ValueAbsent="0" genNBW2ValueBye="2" genRoundDownNBWMMS="true" komi="7.5" location="Toulouse" name="Tournoi Inter Sections 2013" nbMovesCanTime="20" numberOfCategories="1" numberOfRounds="4" shortName="TIS R1" size="19" stdByoYomiTime="30"/>
<HandicapParameterSet hdBasedOnMMS="false" hdCeiling="9" hdCorrection="1" hdNoHdRankThreshold="1D"/>
<PlacementParameterSet>
<PlacementCriteria>
<PlacementCriterion name="MMS" number="1"/>
<PlacementCriterion name="SOSM" number="2"/>
<PlacementCriterion name="SOSOSM" number="3"/>
<PlacementCriterion name="NULL" number="4"/>
<PlacementCriterion name="NULL" number="5"/>
<PlacementCriterion name="NULL" number="6"/>
</PlacementCriteria>
</PlacementParameterSet>
<PairingParameterSet paiBaAvoidDuplGame="500000000000000" paiBaBalanceWB="1000000" paiBaDeterministic="true" paiBaRandom="0" paiMaAdditionalPlacementCritSystem1="Rating" paiMaAdditionalPlacementCritSystem2="NULL" paiMaAvoidMixingCategories="0" paiMaDUDDLowerMode="MID" paiMaDUDDUpperMode="MID" paiMaDUDDWeight="100000000" paiMaLastRoundForSeedSystem1="2" paiMaMaximizeSeeding="5000000" paiMaMinimizeScoreDifference="100000000000" paiMaSeedSystem1="SPLITANDRANDOM" paiSeAvoidSameGeo="100000000000" paiSeBarThresholdActive="true" paiSeDefSecCrit="100000000000" paiSeMinimizeHandicap="0" paiSeNbWinsThresholdActive="false" paiSePreferMMSDiffRatherThanSameClub="3" paiSePreferMMSDiffRatherThanSameCountry="1" paiSeRankThreshold="1D" paiStandardNX1Factor="0.5"/>
<DPParameterSet displayIndGamesInMatches="true" displayNumCol="true" displayPlCol="true" gameFormat="full"/>
</TournamentParameterSet>
<TeamTournamentParameterSet>
<TeamGeneralParameterSet teamSize="3"/>
<TeamPlacementParameterSet>
<PlacementCriteria>
<PlacementCriterion name="TEAMP" number="1"/>
<PlacementCriterion name="BDW" number="2"/>
<PlacementCriterion name="BDW1U" number="3"/>
<PlacementCriterion name="BDW2U" number="4"/>
<PlacementCriterion name="BDW3U" number="5"/>
<PlacementCriterion name="MNR" number="6"/>
</PlacementCriteria>
</TeamPlacementParameterSet>
</TeamTournamentParameterSet>
</Tournament>
