<?xml version="1.0" encoding="UTF-8" standalone="no"?>
<Tournament dataVersion="201">
<Players>
<Player agaExpirationDate="" agaId="" club="31To" country="" egfPin="" ffgLicence="0552022" ffgLicenceStatus="L" firstName="Florian" name="Nivet" participating="11111111111111111111" rank="2K" rating="1924" ratingOrigin="FFG" registeringStatus="FIN" smmsCorrection="0"/>
<Player agaExpirationDate="" agaId="" club="31To" country="" egfPin="" ffgLicence="0152006" ffgLicenceStatus="L" firstName="Eric" name="Saves" participating="11111111111111111111" rank="5K" rating="1640" ratingOrigin="FFG" registeringStatus="FIN" smmsCorrection="0"/>
<Player agaExpirationDate="" agaId="" club="75Ju" country="" egfPin="" ffgLicence="0520805" ffgLicenceStatus="-" firstName="Marc" name="Ta" participating="11111111111111111111" rank="1K" rating="1950" ratingOrigin="FFG" registeringStatus="FIN" smmsCorrection="0"/>
<Player agaExpirationDate="" agaId="" club="13Ai" country="" egfPin="" ffgLicence="1000156" ffgLicenceStatus="-" firstName="156" name="Z1000" participating="11111111111111111111" rank="6K" rating="1450" ratingOrigin="FFG" registeringStatus="FIN" smmsCorrection="0"/>
<Player agaExpirationDate="" agaId="" club="00L3" country="" egfPin="" ffgLicence="9230000" ffgLicenceStatus="-" firstName="Yvon" name="L'Her" participating="11111111111111111111" rank="30K" rating="-900" ratingOrigin="FFG" registeringStatus="FIN" smmsCorrection="0"/>
<Player agaExpirationDate="" agaId="" club="31To" country="" egfPin="" ffgLicence="0252004" ffgLicenceStatus="-" firstName="Baptiste" name="Saves" participating="11111111111111111111" rank="3K" rating="1750" ratingOrigin="FFG" registeringStatus="FIN" smmsCorrection="0"/>
<Player agaExpirationDate="" agaId="" club="31To" country="" egfPin="" ffgLicence="1300007" ffgLicenceStatus="L" firstName="Léo" name="Ghafari" participating="11111111111111111111" rank="17K" rating="410" ratingOrigin="FFG" registeringStatus="FIN" smmsCorrection="0"/>
<Player agaExpirationDate="" agaId="" club="31To" country="" egfPin="" ffgLicence="0800501" ffgLicenceStatus="-" firstName="Benjamin" name="Gabard" participating="11111111111111111111" rank="6K" rating="1450" ratingOrigin="FFG" registeringStatus="FIN" smmsCorrection="0"/>
<Player agaExpirationDate="" agaId="" club="67SE" country="" egfPin="" ffgLicence="9988701" ffgLicenceStatus="-" firstName="Charles" name="Qelos" participating="11111111111111111111" rank="30K" rating="-900" ratingOrigin="FFG" registeringStatus="FIN" smmsCorrection="0"/>
<Player agaExpirationDate="" agaId="" club="" country="NL" egfPin="" ffgLicence="-------" ffgLicenceStatus="e" firstName="René" name="Aaij" participating="11111111111111111111" rank="3D" rating="2299" ratingOrigin="FFG" registeringStatus="FIN" smmsCorrection="0"/>
<Player agaExpirationDate="" agaId="" club="13Ma" country="" egfPin="" ffgLicence="0677009" ffgLicenceStatus="-" firstName="Fabien" name="Ubaud" participating="11111111111111111111" rank="14K" rating="650" ratingOrigin="FFG" registeringStatus="FIN" smmsCorrection="0"/>
<Player agaExpirationDate="" agaId="" club="90Be" country="" egfPin="" ffgLicence="0480501" ffgLicenceStatus="-" firstName="Son_Tchor" name="I" participating="11111111111111111111" rank="13K" rating="750" ratingOrigin="FFG" registeringStatus="FIN" smmsCorrection="0"/>
<Player agaExpirationDate="" agaId="" club="31To" country="" egfPin="" ffgLicence="0552009" ffgLicenceStatus="L" firstName="Paul" name="Saves" participating="11111111111111111111" rank="12K" rating="916" ratingOrigin="FFG" registeringStatus="FIN" smmsCorrection="0"/>
<Player agaExpirationDate="" agaId="" club="75Op" country="" egfPin="" ffgLicence="0522108" ffgLicenceStatus="-" firstName="Damien" name="Fabre" participating="11111111111111111111" rank="15K" rating="550" ratingOrigin="FFG" registeringStatus="FIN" smmsCorrection="0"/>
<Player agaExpirationDate="" agaId="" club="" country="UA" egfPin="" ffgLicence="-------" ffgLicenceStatus="e" firstName="Artem" name="Kachanovskyi" participating="11111111111111111111" rank="7D" rating="2696" ratingOrigin="FFG" registeringStatus="FIN" smmsCorrection="0"/>
<Player agaExpirationDate="" agaId="" club="60BJ" country="" egfPin="" ffgLicence="0090300" ffgLicenceStatus="-" firstName="Antoine" name="Ha" participating="11111111111111111111" rank="30K" rating="-900" ratingOrigin="FFG" registeringStatus="FIN" smmsCorrection="0"/>
</Players>
<Games/>
<Teams>
<Team teamName="Equipe 4" teamNumber="4">
<Board boardNumber="1" player="SAVESERIC" roundNumber="1"/>
<Board boardNumber="2" player="Z1000156" roundNumber="1"/>
<Board boardNumber="3" player="UBAUDFABIEN" roundNumber="1"/>
<Board boardNumber="4" player="QELOSCHARLES" roundNumber="1"/>
<Board boardNumber="1" player="SAVESERIC" roundNumber="2"/>
<Board boardNumber="2" player="Z1000156" roundNumber="2"/>
<Board boardNumber="3" player="UBAUDFABIEN" roundNumber="2"/>
<Board boardNumber="4" player="QELOSCHARLES" roundNumber="2"/>
<Board boardNumber="1" player="SAVESERIC" roundNumber="3"/>
<Board boardNumber="2" player="Z1000156" roundNumber="3"/>
<Board boardNumber="3" player="UBAUDFABIEN" roundNumber="3"/>
<Board boardNumber="4" player="QELOSCHARLES" roundNumber="3"/>
<Board boardNumber="1" player="SAVESERIC" roundNumber="4"/>
<Board boardNumber="2" player="Z1000156" roundNumber="4"/>
<Board boardNumber="3" player="UBAUDFABIEN" roundNumber="4"/>
<Board boardNumber="4" player="QELOSCHARLES" roundNumber="4"/>
<Board boardNumber="1" player="SAVESERIC" roundNumber="5"/>
<Board boardNumber="2" player="Z1000156" roundNumber="5"/>
<Board boardNumber="3" player="UBAUDFABIEN" roundNumber="5"/>
<Board boardNumber="4" player="QELOSCHARLES" roundNumber="5"/>
<Board boardNumber="1" player="SAVESERIC" roundNumber="6"/>
<Board boardNumber="2" player="Z1000156" roundNumber="6"/>
<Board boardNumber="3" player="UBAUDFABIEN" roundNumber="6"/>
<Board boardNumber="4" player="QELOSCHARLES" roundNumber="6"/>
<Board boardNumber="1" player="SAVESERIC" roundNumber="7"/>
<Board boardNumber="2" player="Z1000156" roundNumber="7"/>
<Board boardNumber="3" player="UBAUDFABIEN" roundNumber="7"/>
<Board boardNumber="4" player="QELOSCHARLES" roundNumber="7"/>
<Board boardNumber="1" player="SAVESERIC" roundNumber="8"/>
<Board boardNumber="2" player="Z1000156" roundNumber="8"/>
<Board boardNumber="3" player="UBAUDFABIEN" roundNumber="8"/>
<Board boardNumber="4" player="QELOSCHARLES" roundNumber="8"/>
<Board boardNumber="1" player="SAVESERIC" roundNumber="9"/>
<Board boardNumber="2" player="Z1000156" roundNumber="9"/>
<Board boardNumber="3" player="UBAUDFABIEN" roundNumber="9"/>
<Board boardNumber="4" player="QELOSCHARLES" roundNumber="9"/>
<Board boardNumber="1" player="SAVESERIC" roundNumber="10"/>
<Board boardNumber="2" player="Z1000156" roundNumber="10"/>
<Board boardNumber="3" player="UBAUDFABIEN" roundNumber="10"/>
<Board boardNumber="4" player="QELOSCHARLES" roundNumber="10"/>
<Board boardNumber="1" player="SAVESERIC" roundNumber="11"/>
<Board boardNumber="2" player="Z1000156" roundNumber="11"/>
<Board boardNumber="3" player="UBAUDFABIEN" roundNumber="11"/>
<Board boardNumber="4" player="QELOSCHARLES" roundNumber="11"/>
<Board boardNumber="1" player="SAVESERIC" roundNumber="12"/>
<Board boardNumber="2" player="Z1000156" roundNumber="12"/>
<Board boardNumber="3" player="UBAUDFABIEN" roundNumber="12"/>
<Board boardNumber="4" player="QELOSCHARLES" roundNumber="12"/>
<Board boardNumber="1" player="SAVESERIC" roundNumber="13"/>
<Board boardNumber="2" player="Z1000156" roundNumber="13"/>
<Board boardNumber="3" player="UBAUDFABIEN" roundNumber="13"/>
<Board boardNumber="4" player="QELOSCHARLES" roundNumber="13"/>
<Board boardNumber="1" player="SAVESERIC" roundNumber="14"/>
<Board boardNumber="2" player="Z1000156" roundNumber="14"/>
<Board boardNumber="3" player="UBAUDFABIEN" roundNumber="14"/>
<Board boardNumber="4" player="QELOSCHARLES" roundNumber="14"/>
<Board boardNumber="1" player="SAVESERIC" roundNumber="15"/>
<Board boardNumber="2" player="Z1000156" roundNumber="15"/>
<Board boardNumber="3" player="UBAUDFABIEN" roundNumber="15"/>
<Board boardNumber="4" player="QELOSCHARLES" roundNumber="15"/>
<Board boardNumber="1" player="SAVESERIC" roundNumber="16"/>
<Board boardNumber="2" player="Z1000156" roundNumber="16"/>
<Board boardNumber="3" player="UBAUDFABIEN" roundNumber="16"/>
<Board boardNumber="4" player="QELOSCHARLES" roundNumber="16"/>
<Board boardNumber="1" player="SAVESERIC" roundNumber="17"/>
<Board boardNumber="2" player="Z1000156" roundNumber="17"/>
<Board boardNumber="3" player="UBAUDFABIEN" roundNumber="17"/>
<Board boardNumber="4" player="QELOSCHARLES" roundNumber="17"/>
<Board boardNumber="1" player="SAVESERIC" roundNumber="18"/>
<Board boardNumber="2" player="Z1000156" roundNumber="18"/>
<Board boardNumber="3" player="UBAUDFABIEN" roundNumber="18"/>
<Board boardNumber="4" player="QELOSCHARLES" roundNumber="18"/>
<Board boardNumber="1" player="SAVESERIC" roundNumber="19"/>
<Board boardNumber="2" player="Z1000156" roundNumber="19"/>
<Board boardNumber="3" player="UBAUDFABIEN" roundNumber="19"/>
<Board boardNumber="4" player="QELOSCHARLES" roundNumber="19"/>
<Board boardNumber="1" player="SAVESERIC" roundNumber="20"/>
<Board boardNumber="2" player="Z1000156" roundNumber="20"/>
<Board boardNumber="3" player="UBAUDFABIEN" roundNumber="20"/>
<Board boardNumber="4" player="QELOSCHARLES" roundNumber="20"/>
</Team>
<Team teamName="Equipe 3" teamNumber="3">
<Board boardNumber="1" player="GHAFARILÉO" roundNumber="1"/>
<Board boardNumber="2" player="L'HERYVON" roundNumber="1"/>
<Board boardNumber="3" player="NIVETFLORIAN" roundNumber="1"/>
<Board boardNumber="4" player="SAVESPAUL" roundNumber="1"/>
<Board boardNumber="1" player="GHAFARILÉO" roundNumber="2"/>
<Board boardNumber="2" player="L'HERYVON" roundNumber="2"/>
<Board boardNumber="3" player="NIVETFLORIAN" roundNumber="2"/>
<Board boardNumber="4" player="SAVESPAUL" roundNumber="2"/>
<Board boardNumber="1" player="GHAFARILÉO" roundNumber="3"/>
<Board boardNumber="2" player="L'HERYVON" roundNumber="3"/>
<Board boardNumber="3" player="NIVETFLORIAN" roundNumber="3"/>
<Board boardNumber="4" player="SAVESPAUL" roundNumber="3"/>
<Board boardNumber="1" player="GHAFARILÉO" roundNumber="4"/>
<Board boardNumber="2" player="L'HERYVON" roundNumber="4"/>
<Board boardNumber="3" player="NIVETFLORIAN" roundNumber="4"/>
<Board boardNumber="4" player="SAVESPAUL" roundNumber="4"/>
<Board boardNumber="1" player="GHAFARILÉO" roundNumber="5"/>
<Board boardNumber="2" player="L'HERYVON" roundNumber="5"/>
<Board boardNumber="3" player="NIVETFLORIAN" roundNumber="5"/>
<Board boardNumber="4" player="SAVESPAUL" roundNumber="5"/>
<Board boardNumber="1" player="GHAFARILÉO" roundNumber="6"/>
<Board boardNumber="2" player="L'HERYVON" roundNumber="6"/>
<Board boardNumber="3" player="NIVETFLORIAN" roundNumber="6"/>
<Board boardNumber="4" player="SAVESPAUL" roundNumber="6"/>
<Board boardNumber="1" player="GHAFARILÉO" roundNumber="7"/>
<Board boardNumber="2" player="L'HERYVON" roundNumber="7"/>
<Board boardNumber="3" player="NIVETFLORIAN" roundNumber="7"/>
<Board boardNumber="4" player="SAVESPAUL" roundNumber="7"/>
<Board boardNumber="1" player="GHAFARILÉO" roundNumber="8"/>
<Board boardNumber="2" player="L'HERYVON" roundNumber="8"/>
<Board boardNumber="3" player="NIVETFLORIAN" roundNumber="8"/>
<Board boardNumber="4" player="SAVESPAUL" roundNumber="8"/>
<Board boardNumber="1" player="GHAFARILÉO" roundNumber="9"/>
<Board boardNumber="2" player="L'HERYVON" roundNumber="9"/>
<Board boardNumber="3" player="NIVETFLORIAN" roundNumber="9"/>
<Board boardNumber="4" player="SAVESPAUL" roundNumber="9"/>
<Board boardNumber="1" player="GHAFARILÉO" roundNumber="10"/>
<Board boardNumber="2" player="L'HERYVON" roundNumber="10"/>
<Board boardNumber="3" player="NIVETFLORIAN" roundNumber="10"/>
<Board boardNumber="4" player="SAVESPAUL" roundNumber="10"/>
<Board boardNumber="1" player="GHAFARILÉO" roundNumber="11"/>
<Board boardNumber="2" player="L'HERYVON" roundNumber="11"/>
<Board boardNumber="3" player="NIVETFLORIAN" roundNumber="11"/>
<Board boardNumber="4" player="SAVESPAUL" roundNumber="11"/>
<Board boardNumber="1" player="GHAFARILÉO" roundNumber="12"/>
<Board boardNumber="2" player="L'HERYVON" roundNumber="12"/>
<Board boardNumber="3" player="NIVETFLORIAN" roundNumber="12"/>
<Board boardNumber="4" player="SAVESPAUL" roundNumber="12"/>
<Board boardNumber="1" player="GHAFARILÉO" roundNumber="13"/>
<Board boardNumber="2" player="L'HERYVON" roundNumber="13"/>
<Board boardNumber="3" player="NIVETFLORIAN" roundNumber="13"/>
<Board boardNumber="4" player="SAVESPAUL" roundNumber="13"/>
<Board boardNumber="1" player="GHAFARILÉO" roundNumber="14"/>
<Board boardNumber="2" player="L'HERYVON" roundNumber="14"/>
<Board boardNumber="3" player="NIVETFLORIAN" roundNumber="14"/>
<Board boardNumber="4" player="SAVESPAUL" roundNumber="14"/>
<Board boardNumber="1" player="GHAFARILÉO" roundNumber="15"/>
<Board boardNumber="2" player="L'HERYVON" roundNumber="15"/>
<Board boardNumber="3" player="NIVETFLORIAN" roundNumber="15"/>
<Board boardNumber="4" player="SAVESPAUL" roundNumber="15"/>
<Board boardNumber="1" player="GHAFARILÉO" roundNumber="16"/>
<Board boardNumber="2" player="L'HERYVON" roundNumber="16"/>
<Board boardNumber="3" player="NIVETFLORIAN" roundNumber="16"/>
<Board boardNumber="4" player="SAVESPAUL" roundNumber="16"/>
<Board boardNumber="1" player="GHAFARILÉO" roundNumber="17"/>
<Board boardNumber="2" player="L'HERYVON" roundNumber="17"/>
<Board boardNumber="3" player="NIVETFLORIAN" roundNumber="17"/>
<Board boardNumber="4" player="SAVESPAUL" roundNumber="17"/>
<Board boardNumber="1" player="GHAFARILÉO" roundNumber="18"/>
<Board boardNumber="2" player="L'HERYVON" roundNumber="18"/>
<Board boardNumber="3" player="NIVETFLORIAN" roundNumber="18"/>
<Board boardNumber="4" player="SAVESPAUL" roundNumber="18"/>
<Board boardNumber="1" player="GHAFARILÉO" roundNumber="19"/>
<Board boardNumber="2" player="L'HERYVON" roundNumber="19"/>
<Board boardNumber="3" player="NIVETFLORIAN" roundNumber="19"/>
<Board boardNumber="4" player="SAVESPAUL" roundNumber="19"/>
<Board boardNumber="1" player="GHAFARILÉO" roundNumber="20"/>
<Board boardNumber="2" player="L'HERYVON" roundNumber="20"/>
<Board boardNumber="3" player="NIVETFLORIAN" roundNumber="20"/>
<Board boardNumber="4" player="SAVESPAUL" roundNumber="20"/>
</Team>
<Team teamName="Equipe1" teamNumber="1">
<Board boardNumber="1" player="SAVESBAPTISTE" roundNumber="1"/>
<Board boardNumber="2" player="FABREDAMIEN" roundNumber="1"/>
<Board boardNumber="3" player="HAANTOINE" roundNumber="1"/>
<Board boardNumber="4" player="GABARDBENJAMIN" roundNumber="1"/>
<Board boardNumber="1" player="SAVESBAPTISTE" roundNumber="2"/>
<Board boardNumber="2" player="FABREDAMIEN" roundNumber="2"/>
<Board boardNumber="3" player="HAANTOINE" roundNumber="2"/>
<Board boardNumber="4" player="GABARDBENJAMIN" roundNumber="2"/>
<Board boardNumber="1" player="SAVESBAPTISTE" roundNumber="3"/>
<Board boardNumber="2" player="FABREDAMIEN" roundNumber="3"/>
<Board boardNumber="3" player="HAANTOINE" roundNumber="3"/>
<Board boardNumber="4" player="GABARDBENJAMIN" roundNumber="3"/>
<Board boardNumber="1" player="SAVESBAPTISTE" roundNumber="4"/>
<Board boardNumber="2" player="FABREDAMIEN" roundNumber="4"/>
<Board boardNumber="3" player="HAANTOINE" roundNumber="4"/>
<Board boardNumber="4" player="GABARDBENJAMIN" roundNumber="4"/>
<Board boardNumber="1" player="SAVESBAPTISTE" roundNumber="5"/>
<Board boardNumber="2" player="FABREDAMIEN" roundNumber="5"/>
<Board boardNumber="3" player="HAANTOINE" roundNumber="5"/>
<Board boardNumber="4" player="GABARDBENJAMIN" roundNumber="5"/>
<Board boardNumber="1" player="SAVESBAPTISTE" roundNumber="6"/>
<Board boardNumber="2" player="FABREDAMIEN" roundNumber="6"/>
<Board boardNumber="3" player="HAANTOINE" roundNumber="6"/>
<Board boardNumber="4" player="GABARDBENJAMIN" roundNumber="6"/>
<Board boardNumber="1" player="SAVESBAPTISTE" roundNumber="7"/>
<Board boardNumber="2" player="FABREDAMIEN" roundNumber="7"/>
<Board boardNumber="3" player="HAANTOINE" roundNumber="7"/>
<Board boardNumber="4" player="GABARDBENJAMIN" roundNumber="7"/>
<Board boardNumber="1" player="SAVESBAPTISTE" roundNumber="8"/>
<Board boardNumber="2" player="FABREDAMIEN" roundNumber="8"/>
<Board boardNumber="3" player="HAANTOINE" roundNumber="8"/>
<Board boardNumber="4" player="GABARDBENJAMIN" roundNumber="8"/>
<Board boardNumber="1" player="SAVESBAPTISTE" roundNumber="9"/>
<Board boardNumber="2" player="FABREDAMIEN" roundNumber="9"/>
<Board boardNumber="3" player="HAANTOINE" roundNumber="9"/>
<Board boardNumber="4" player="GABARDBENJAMIN" roundNumber="9"/>
<Board boardNumber="1" player="SAVESBAPTISTE" roundNumber="10"/>
<Board boardNumber="2" player="FABREDAMIEN" roundNumber="10"/>
<Board boardNumber="3" player="HAANTOINE" roundNumber="10"/>
<Board boardNumber="4" player="GABARDBENJAMIN" roundNumber="10"/>
<Board boardNumber="1" player="SAVESBAPTISTE" roundNumber="11"/>
<Board boardNumber="2" player="FABREDAMIEN" roundNumber="11"/>
<Board boardNumber="3" player="HAANTOINE" roundNumber="11"/>
<Board boardNumber="4" player="GABARDBENJAMIN" roundNumber="11"/>
<Board boardNumber="1" player="SAVESBAPTISTE" roundNumber="12"/>
<Board boardNumber="2" player="FABREDAMIEN" roundNumber="12"/>
<Board boardNumber="3" player="HAANTOINE" roundNumber="12"/>
<Board boardNumber="4" player="GABARDBENJAMIN" roundNumber="12"/>
<Board boardNumber="1" player="SAVESBAPTISTE" roundNumber="13"/>
<Board boardNumber="2" player="FABREDAMIEN" roundNumber="13"/>
<Board boardNumber="3" player="HAANTOINE" roundNumber="13"/>
<Board boardNumber="4" player="GABARDBENJAMIN" roundNumber="13"/>
<Board boardNumber="1" player="SAVESBAPTISTE" roundNumber="14"/>
<Board boardNumber="2" player="FABREDAMIEN" roundNumber="14"/>
<Board boardNumber="3" player="HAANTOINE" roundNumber="14"/>
<Board boardNumber="4" player="GABARDBENJAMIN" roundNumber="14"/>
<Board boardNumber="1" player="SAVESBAPTISTE" roundNumber="15"/>
<Board boardNumber="2" player="FABREDAMIEN" roundNumber="15"/>
<Board boardNumber="3" player="HAANTOINE" roundNumber="15"/>
<Board boardNumber="4" player="GABARDBENJAMIN" roundNumber="15"/>
<Board boardNumber="1" player="SAVESBAPTISTE" roundNumber="16"/>
<Board boardNumber="2" player="FABREDAMIEN" roundNumber="16"/>
<Board boardNumber="3" player="HAANTOINE" roundNumber="16"/>
<Board boardNumber="4" player="GABARDBENJAMIN" roundNumber="16"/>
<Board boardNumber="1" player="SAVESBAPTISTE" roundNumber="17"/>
<Board boardNumber="2" player="FABREDAMIEN" roundNumber="17"/>
<Board boardNumber="3" player="HAANTOINE" roundNumber="17"/>
<Board boardNumber="4" player="GABARDBENJAMIN" roundNumber="17"/>
<Board boardNumber="1" player="SAVESBAPTISTE" roundNumber="18"/>
<Board boardNumber="2" player="FABREDAMIEN" roundNumber="18"/>
<Board boardNumber="3" player="HAANTOINE" roundNumber="18"/>
<Board boardNumber="4" player="GABARDBENJAMIN" roundNumber="18"/>
<Board boardNumber="1" player="SAVESBAPTISTE" roundNumber="19"/>
<Board boardNumber="2" player="FABREDAMIEN" roundNumber="19"/>
<Board boardNumber="3" player="HAANTOINE" roundNumber="19"/>
<Board boardNumber="4" player="GABARDBENJAMIN" roundNumber="19"/>
<Board boardNumber="1" player="SAVESBAPTISTE" roundNumber="20"/>
<Board boardNumber="2" player="FABREDAMIEN" roundNumber="20"/>
<Board boardNumber="3" player="HAANTOINE" roundNumber="20"/>
<Board boardNumber="4" player="GABARDBENJAMIN" roundNumber="20"/>
</Team>
<Team teamName="Equipe 2" teamNumber="2">
<Board boardNumber="1" player="TAMARC" roundNumber="1"/>
<Board boardNumber="2" player="KACHANOVSKYIARTEM" roundNumber="1"/>
<Board boardNumber="3" player="AAIJRENÉ" roundNumber="1"/>
<Board boardNumber="4" player="ISON_TCHOR" roundNumber="1"/>
<Board boardNumber="1" player="TAMARC" roundNumber="2"/>
<Board boardNumber="2" player="KACHANOVSKYIARTEM" roundNumber="2"/>
<Board boardNumber="3" player="AAIJRENÉ" roundNumber="2"/>
<Board boardNumber="4" player="ISON_TCHOR" roundNumber="2"/>
<Board boardNumber="1" player="TAMARC" roundNumber="3"/>
<Board boardNumber="2" player="KACHANOVSKYIARTEM" roundNumber="3"/>
<Board boardNumber="3" player="AAIJRENÉ" roundNumber="3"/>
<Board boardNumber="4" player="ISON_TCHOR" roundNumber="3"/>
<Board boardNumber="1" player="TAMARC" roundNumber="4"/>
<Board boardNumber="2" player="KACHANOVSKYIARTEM" roundNumber="4"/>
<Board boardNumber="3" player="AAIJRENÉ" roundNumber="4"/>
<Board boardNumber="4" player="ISON_TCHOR" roundNumber="4"/>
<Board boardNumber="1" player="TAMARC" roundNumber="5"/>
<Board boardNumber="2" player="KACHANOVSKYIARTEM" roundNumber="5"/>
<Board boardNumber="3" player="AAIJRENÉ" roundNumber="5"/>
<Board boardNumber="4" player="ISON_TCHOR" roundNumber="5"/>
<Board boardNumber="1" player="TAMARC" roundNumber="6"/>
<Board boardNumber="2" player="KACHANOVSKYIARTEM" roundNumber="6"/>
<Board boardNumber="3" player="AAIJRENÉ" roundNumber="6"/>
<Board boardNumber="4" player="ISON_TCHOR" roundNumber="6"/>
<Board boardNumber="1" player="TAMARC" roundNumber="7"/>
<Board boardNumber="2" player="KACHANOVSKYIARTEM" roundNumber="7"/>
<Board boardNumber="3" player="AAIJRENÉ" roundNumber="7"/>
<Board boardNumber="4" player="ISON_TCHOR" roundNumber="7"/>
<Board boardNumber="1" player="TAMARC" roundNumber="8"/>
<Board boardNumber="2" player="KACHANOVSKYIARTEM" roundNumber="8"/>
<Board boardNumber="3" player="AAIJRENÉ" roundNumber="8"/>
<Board boardNumber="4" player="ISON_TCHOR" roundNumber="8"/>
<Board boardNumber="1" player="TAMARC" roundNumber="9"/>
<Board boardNumber="2" player="KACHANOVSKYIARTEM" roundNumber="9"/>
<Board boardNumber="3" player="AAIJRENÉ" roundNumber="9"/>
<Board boardNumber="4" player="ISON_TCHOR" roundNumber="9"/>
<Board boardNumber="1" player="TAMARC" roundNumber="10"/>
<Board boardNumber="2" player="KACHANOVSKYIARTEM" roundNumber="10"/>
<Board boardNumber="3" player="AAIJRENÉ" roundNumber="10"/>
<Board boardNumber="4" player="ISON_TCHOR" roundNumber="10"/>
<Board boardNumber="1" player="TAMARC" roundNumber="11"/>
<Board boardNumber="2" player="KACHANOVSKYIARTEM" roundNumber="11"/>
<Board boardNumber="3" player="AAIJRENÉ" roundNumber="11"/>
<Board boardNumber="4" player="ISON_TCHOR" roundNumber="11"/>
<Board boardNumber="1" player="TAMARC" roundNumber="12"/>
<Board boardNumber="2" player="KACHANOVSKYIARTEM" roundNumber="12"/>
<Board boardNumber="3" player="AAIJRENÉ" roundNumber="12"/>
<Board boardNumber="4" player="ISON_TCHOR" roundNumber="12"/>
<Board boardNumber="1" player="TAMARC" roundNumber="13"/>
<Board boardNumber="2" player="KACHANOVSKYIARTEM" roundNumber="13"/>
<Board boardNumber="3" player="AAIJRENÉ" roundNumber="13"/>
<Board boardNumber="4" player="ISON_TCHOR" roundNumber="13"/>
<Board boardNumber="1" player="TAMARC" roundNumber="14"/>
<Board boardNumber="2" player="KACHANOVSKYIARTEM" roundNumber="14"/>
<Board boardNumber="3" player="AAIJRENÉ" roundNumber="14"/>
<Board boardNumber="4" player="ISON_TCHOR" roundNumber="14"/>
<Board boardNumber="1" player="TAMARC" roundNumber="15"/>
<Board boardNumber="2" player="KACHANOVSKYIARTEM" roundNumber="15"/>
<Board boardNumber="3" player="AAIJRENÉ" roundNumber="15"/>
<Board boardNumber="4" player="ISON_TCHOR" roundNumber="15"/>
<Board boardNumber="1" player="TAMARC" roundNumber="16"/>
<Board boardNumber="2" player="KACHANOVSKYIARTEM" roundNumber="16"/>
<Board boardNumber="3" player="AAIJRENÉ" roundNumber="16"/>
<Board boardNumber="4" player="ISON_TCHOR" roundNumber="16"/>
<Board boardNumber="1" player="TAMARC" roundNumber="17"/>
<Board boardNumber="2" player="KACHANOVSKYIARTEM" roundNumber="17"/>
<Board boardNumber="3" player="AAIJRENÉ" roundNumber="17"/>
<Board boardNumber="4" player="ISON_TCHOR" roundNumber="17"/>
<Board boardNumber="1" player="TAMARC" roundNumber="18"/>
<Board boardNumber="2" player="KACHANOVSKYIARTEM" roundNumber="18"/>
<Board boardNumber="3" player="AAIJRENÉ" roundNumber="18"/>
<Board boardNumber="4" player="ISON_TCHOR" roundNumber="18"/>
<Board boardNumber="1" player="TAMARC" roundNumber="19"/>
<Board boardNumber="2" player="KACHANOVSKYIARTEM" roundNumber="19"/>
<Board boardNumber="3" player="AAIJRENÉ" roundNumber="19"/>
<Board boardNumber="4" player="ISON_TCHOR" roundNumber="19"/>
<Board boardNumber="1" player="TAMARC" roundNumber="20"/>
<Board boardNumber="2" player="KACHANOVSKYIARTEM" roundNumber="20"/>
<Board boardNumber="3" player="AAIJRENÉ" roundNumber="20"/>
<Board boardNumber="4" player="ISON_TCHOR" roundNumber="20"/>
</Team>
</Teams>
<TournamentParameterSet>
<GeneralParameterSet basicTime="60" beginDate="2013-01-24" canByoYomiTime="300" complementaryTimeSystem="SUDDENDEATH" director="" endDate="2013-01-24" fischerTime="10" genMMBar="9D" genMMFloor="30K" genMMS2ValueAbsent="1" genMMS2ValueBye="2" genNBW2ValueAbsent="0" genNBW2ValueBye="2" genRoundDownNBWMMS="true" komi="7.5" location="Toulouse" name="Tournoi" nbMovesCanTime="15" numberOfCategories="1" numberOfRounds="3" shortName="Tournoi" size="19" stdByoYomiTime="30"/>
<HandicapParameterSet hdBasedOnMMS="false" hdCeiling="0" hdCorrection="0" hdNoHdRankThreshold="30K"/>
<PlacementParameterSet>
<PlacementCriteria>
<PlacementCriterion name="NBW" number="1"/>
<PlacementCriterion name="SOSW" number="2"/>
<PlacementCriterion name="SOSOSW" number="3"/>
<PlacementCriterion name="NULL" number="4"/>
<PlacementCriterion name="NULL" number="5"/>
<PlacementCriterion name="NULL" number="6"/>
</PlacementCriteria>
</PlacementParameterSet>
<PairingParameterSet paiBaAvoidDuplGame="500000000000000" paiBaBalanceWB="1000000" paiBaDeterministic="true" paiBaRandom="0" paiMaAdditionalPlacementCritSystem1="Rating" paiMaAdditionalPlacementCritSystem2="Rating" paiMaAvoidMixingCategories="0" paiMaDUDDLowerMode="MID" paiMaDUDDUpperMode="MID" paiMaDUDDWeight="100000000" paiMaLastRoundForSeedSystem1="2" paiMaMaximizeSeeding="5000000" paiMaMinimizeScoreDifference="100000000000" paiMaSeedSystem1="SPLITANDSLIP" paiSeAvoidSameGeo="0" paiSeBarThresholdActive="true" paiSeDefSecCrit="20000000000000" paiSeMinimizeHandicap="0" paiSeNbWinsThresholdActive="true" paiSePreferMMSDiffRatherThanSameClub="0" paiSePreferMMSDiffRatherThanSameCountry="0" paiSeRankThreshold="30K" paiStandardNX1Factor="0.5"/>
<DPParameterSet displayIndGamesInMatches="true" displayNumCol="true" displayPlCol="true" gameFormat="short"/>
</TournamentParameterSet>
<TeamTournamentParameterSet>
<TeamGeneralParameterSet teamSize="4"/>
<TeamPlacementParameterSet>
<PlacementCriteria>
<PlacementCriterion name="TEAMP" number="1"/>
<PlacementCriterion name="BDW" number="2"/>
<PlacementCriterion name="BDW3U" number="3"/>
<PlacementCriterion name="BDW2U" number="4"/>
<PlacementCriterion name="BDW1U" number="5"/>
<PlacementCriterion name="MNR" number="6"/>
</PlacementCriteria>
</TeamPlacementParameterSet>
</TeamTournamentParameterSet>
</Tournament>
