<?xml version="1.0" encoding="UTF-8" standalone="no"?>
<Tournament dataVersion="201">
<Players>
<Player agaExpirationDate="" agaId="" club="31To" country="" egfPin="" ffgLicence="0552022" ffgLicenceStatus="L" firstName="Florian" name="Nivet" participating="11111111111111111111" rank="2K" rating="1891" ratingOrigin="FFG" registeringStatus="FIN" smmsCorrection="0"/>
<Player agaExpirationDate="" agaId="" club="31To" country="" egfPin="" ffgLicence="1200033" ffgLicenceStatus="L" firstName="David" name="Parcoit" participating="11111111111111111111" rank="5K" rating="1557" ratingOrigin="FFG" registeringStatus="FIN" smmsCorrection="0"/>
<Player agaExpirationDate="" agaId="" club="67SE" country="" egfPin="" ffgLicence="0280000" ffgLicenceStatus="L" firstName="Motoki" name="Noguchi" participating="11111111111111111111" rank="7D" rating="2660" ratingOrigin="FFG" registeringStatus="FIN" smmsCorrection="0"/>
<Player agaExpirationDate="" agaId="" club="44Na" country="" egfPin="" ffgLicence="0537002" ffgLicenceStatus="L" firstName="Philippe" name="Cance" participating="11111111111111111111" rank="1D" rating="2102" ratingOrigin="FFG" registeringStatus="FIN" smmsCorrection="0"/>
<Player agaExpirationDate="" agaId="" club="75Al" country="" egfPin="" ffgLicence="9025024" ffgLicenceStatus="L" firstName="Jean-Yves" name="Gourmond" participating="11111111111111111111" rank="3D" rating="2267" ratingOrigin="FFG" registeringStatus="FIN" smmsCorrection="0"/>
<Player agaExpirationDate="" agaId="" club="31To" country="" egfPin="" ffgLicence="7902000" ffgLicenceStatus="L" firstName="Luc" name="Vannier" participating="11111111111111111111" rank="1K" rating="1961" ratingOrigin="FFG" registeringStatus="FIN" smmsCorrection="0"/>
<Player agaExpirationDate="" agaId="" club="63Ce" country="" egfPin="" ffgLicence="0613603" ffgLicenceStatus="L" firstName="Pierre" name="Tecchio" participating="11111111111111111111" rank="1K" rating="2020" ratingOrigin="FFG" registeringStatus="FIN" smmsCorrection="0"/>
<Player agaExpirationDate="" agaId="" club="31To" country="" egfPin="" ffgLicence="0652028" ffgLicenceStatus="L" firstName="Jean-Jacques" name="Portal" participating="11111111111111111111" rank="5K" rating="1567" ratingOrigin="FFG" registeringStatus="FIN" smmsCorrection="0"/>
<Player agaExpirationDate="" agaId="" club="38Gr" country="" egfPin="" ffgLicence="0900438" ffgLicenceStatus="L" firstName="Denis" name="Karadaban" participating="11111111111111111111" rank="3D" rating="2320" ratingOrigin="FFG" registeringStatus="FIN" smmsCorrection="0"/>
<Player agaExpirationDate="" agaId="" club="34Mo" country="" egfPin="" ffgLicence="1100378" ffgLicenceStatus="L" firstName="Rija" name="Zafinandro" participating="11111111111111111111" rank="6K" rating="1508" ratingOrigin="FFG" registeringStatus="FIN" smmsCorrection="0"/>
<Player agaExpirationDate="" agaId="" club="67SE" country="" egfPin="" ffgLicence="9188701" ffgLicenceStatus="L" firstName="Antoine" name="Fenech" participating="11111111111111111111" rank="5D" rating="2474" ratingOrigin="FFG" registeringStatus="FIN" smmsCorrection="0"/>
<Player agaExpirationDate="" agaId="" club="21Di" country="" egfPin="" ffgLicence="0700304" ffgLicenceStatus="L" firstName="Vincent" name="Mugnier" participating="11111111111111111111" rank="2D" rating="2240" ratingOrigin="FFG" registeringStatus="FIN" smmsCorrection="0"/>
<Player agaExpirationDate="" agaId="" club="67SE" country="" egfPin="" ffgLicence="1000098" ffgLicenceStatus="L" firstName="Marien" name="Ritzenthaler" participating="11111111111111111111" rank="5K" rating="1552" ratingOrigin="FFG" registeringStatus="FIN" smmsCorrection="0"/>
<Player agaExpirationDate="" agaId="" club="34Mo" country="" egfPin="" ffgLicence="0643021" ffgLicenceStatus="L" firstName="Alexandre" name="Bellis" participating="11111111111111111111" rank="3D" rating="2296" ratingOrigin="FFG" registeringStatus="FIN" smmsCorrection="0"/>
<Player agaExpirationDate="" agaId="" club="44Na" country="" egfPin="" ffgLicence="7911800" ffgLicenceStatus="L" firstName="François" name="Mizessyn" participating="11111111111111111111" rank="4D" rating="2386" ratingOrigin="FFG" registeringStatus="FIN" smmsCorrection="0"/>
<Player agaExpirationDate="" agaId="" club="38Gr" country="" egfPin="" ffgLicence="7904900" ffgLicenceStatus="L" firstName="Dominique" name="Cornuejols" participating="11111111111111111111" rank="2D" rating="2190" ratingOrigin="FFG" registeringStatus="FIN" smmsCorrection="0"/>
<Player agaExpirationDate="" agaId="" club="34Mo" country="" egfPin="" ffgLicence="0800031" ffgLicenceStatus="L" firstName="Guillaume" name="Tisserant" participating="11111111111111111111" rank="1K" rating="2024" ratingOrigin="FFG" registeringStatus="FIN" smmsCorrection="0"/>
<Player agaExpirationDate="" agaId="" club="75Al" country="" egfPin="" ffgLicence="0120000" ffgLicenceStatus="L" firstName="Gilles" name="Fasola" participating="11111111111111111111" rank="7K" rating="1424" ratingOrigin="FFG" registeringStatus="FIN" smmsCorrection="0"/>
<Player agaExpirationDate="" agaId="" club="44Na" country="" egfPin="" ffgLicence="0514009" ffgLicenceStatus="L" firstName="Vivien" name="Desveaux" participating="11111111111111111111" rank="4D" rating="2367" ratingOrigin="FFG" registeringStatus="FIN" smmsCorrection="0"/>
<Player agaExpirationDate="" agaId="" club="75Al" country="" egfPin="" ffgLicence="0514106" ffgLicenceStatus="L" firstName="Fabien" name="Lips" participating="11111111111111111111" rank="2D" rating="2233" ratingOrigin="FFG" registeringStatus="FIN" smmsCorrection="0"/>
<Player agaExpirationDate="" agaId="" club="63Ce" country="" egfPin="" ffgLicence="0900281" ffgLicenceStatus="L" firstName="Augustin" name="Avenel" participating="11111111111111111111" rank="2K" rating="1945" ratingOrigin="FFG" registeringStatus="FIN" smmsCorrection="0"/>
<Player agaExpirationDate="" agaId="" club="21Di" country="" egfPin="" ffgLicence="9183003" ffgLicenceStatus="L" firstName="Patrice" name="Doussot" participating="11111111111111111111" rank="4K" rating="1719" ratingOrigin="FFG" registeringStatus="FIN" smmsCorrection="0"/>
<Player agaExpirationDate="" agaId="" club="21Di" country="" egfPin="" ffgLicence="9516003" ffgLicenceStatus="L" firstName="Laurent" name="Coquelet" participating="11111111111111111111" rank="2D" rating="2232" ratingOrigin="FFG" registeringStatus="FIN" smmsCorrection="0"/>
<Player agaExpirationDate="" agaId="" club="67SE" country="" egfPin="" ffgLicence="7920001" ffgLicenceStatus="L" firstName="Frédéric" name="Donzet" participating="11111111111111111111" rank="5D" rating="2492" ratingOrigin="FFG" registeringStatus="FIN" smmsCorrection="0"/>
<Player agaExpirationDate="" agaId="" club="31To" country="" egfPin="" ffgLicence="0021003" ffgLicenceStatus="L" firstName="Pierre" name="Boulestreau" participating="11111111111111111111" rank="1D" rating="2092" ratingOrigin="FFG" registeringStatus="FIN" smmsCorrection="0"/>
<Player agaExpirationDate="" agaId="" club="31To" country="" egfPin="" ffgLicence="0250200" ffgLicenceStatus="L" firstName="Vivien" name="Neyroud" participating="11111111111111111111" rank="3D" rating="2304" ratingOrigin="FFG" registeringStatus="FIN" smmsCorrection="0"/>
<Player agaExpirationDate="" agaId="" club="38Gr" country="" egfPin="" ffgLicence="0513005" ffgLicenceStatus="L" firstName="Jean_Loup" name="Naddef" participating="11111111111111111111" rank="3D" rating="2304" ratingOrigin="FFG" registeringStatus="FIN" smmsCorrection="0"/>
<Player agaExpirationDate="" agaId="" club="21Di" country="" egfPin="" ffgLicence="0800523" ffgLicenceStatus="L" firstName="Thibault" name="Gauthier" participating="11111111111111111111" rank="3D" rating="2311" ratingOrigin="FFG" registeringStatus="FIN" smmsCorrection="0"/>
<Player agaExpirationDate="" agaId="" club="67SE" country="" egfPin="" ffgLicence="0700467" ffgLicenceStatus="L" firstName="Ngoc-Trang" name="Cao" participating="11111111111111111111" rank="1D" rating="2060" ratingOrigin="FFG" registeringStatus="FIN" smmsCorrection="0"/>
<Player agaExpirationDate="" agaId="" club="31To" country="" egfPin="" ffgLicence="1100349" ffgLicenceStatus="L" firstName="Florian" name="Bertomeu" participating="11111111111111111111" rank="11K" rating="1043" ratingOrigin="FFG" registeringStatus="FIN" smmsCorrection="0"/>
<Player agaExpirationDate="" agaId="" club="38Gr" country="" egfPin="" ffgLicence="9791002" ffgLicenceStatus="L" firstName="Toru" name="Imamura-Cornuejols" participating="11111111111111111111" rank="4D" rating="2438" ratingOrigin="FFG" registeringStatus="FIN" smmsCorrection="0"/>
<Player agaExpirationDate="" agaId="" club="75Al" country="" egfPin="" ffgLicence="0120006" ffgLicenceStatus="L" firstName="Martin" name="Digard" participating="11111111111111111111" rank="1D" rating="2118" ratingOrigin="FFG" registeringStatus="FIN" smmsCorrection="0"/>
<Player agaExpirationDate="" agaId="" club="69Ly" country="" egfPin="" ffgLicence="1000005" ffgLicenceStatus="L" firstName="Quentin" name="Rendu" participating="11111111111111111111" rank="3K" rating="1821" ratingOrigin="FFG" registeringStatus="FIN" smmsCorrection="0"/>
<Player agaExpirationDate="" agaId="" club="67SE" country="" egfPin="" ffgLicence="0800017" ffgLicenceStatus="L" firstName="Kevin" name="Sbai" participating="11111111111111111111" rank="4D" rating="2359" ratingOrigin="FFG" registeringStatus="FIN" smmsCorrection="0"/>
<Player agaExpirationDate="" agaId="" club="31To" country="" egfPin="" ffgLicence="1200007" ffgLicenceStatus="L" firstName="Tanguy" name="Lagadu" participating="11111111111111111111" rank="6K" rating="1478" ratingOrigin="FFG" registeringStatus="FIN" smmsCorrection="0"/>
<Player agaExpirationDate="" agaId="" club="31To" country="" egfPin="" ffgLicence="8301700" ffgLicenceStatus="L" firstName="Frédéric" name="Renaud" participating="11111111111111111111" rank="2D" rating="2189" ratingOrigin="FFG" registeringStatus="FIN" smmsCorrection="0"/>
<Player agaExpirationDate="" agaId="" club="31To" country="" egfPin="" ffgLicence="1100066" ffgLicenceStatus="L" firstName="Pierre-Alain" name="Bouche" participating="11111111111111111111" rank="14K" rating="742" ratingOrigin="FFG" registeringStatus="FIN" smmsCorrection="0"/>
<Player agaExpirationDate="" agaId="" club="67SE" country="" egfPin="" ffgLicence="0700425" ffgLicenceStatus="L" firstName="Pierre" name="Averous" participating="11111111111111111111" rank="1D" rating="2106" ratingOrigin="FFG" registeringStatus="FIN" smmsCorrection="0"/>
<Player agaExpirationDate="" agaId="" club="67SE" country="" egfPin="" ffgLicence="0900289" ffgLicenceStatus="L" firstName="Gabriel" name="Aussibal" participating="11111111111111111111" rank="2K" rating="1939" ratingOrigin="FFG" registeringStatus="FIN" smmsCorrection="0"/>
<Player agaExpirationDate="" agaId="" club="31Pi" country="" egfPin="" ffgLicence="0252007" ffgLicenceStatus="L" firstName="Jean-François" name="Menon" participating="11111111111111111111" rank="3K" rating="1759" ratingOrigin="FFG" registeringStatus="FIN" smmsCorrection="0"/>
<Player agaExpirationDate="" agaId="" club="63Ce" country="" egfPin="" ffgLicence="0660508" ffgLicenceStatus="L" firstName="Etienne" name="Crubellier" participating="11111111111111111111" rank="6K" rating="1526" ratingOrigin="FFG" registeringStatus="FIN" smmsCorrection="0"/>
<Player agaExpirationDate="" agaId="" club="31To" country="" egfPin="" ffgLicence="9721004" ffgLicenceStatus="L" firstName="Laurent" name="Lamôle" participating="11111111111111111111" rank="3K" rating="1754" ratingOrigin="FFG" registeringStatus="FIN" smmsCorrection="0"/>
<Player agaExpirationDate="" agaId="" club="44Na" country="" egfPin="" ffgLicence="0900335" ffgLicenceStatus="L" firstName="Nicolas" name="Grelier" participating="11111111111111111111" rank="1K" rating="1961" ratingOrigin="FFG" registeringStatus="FIN" smmsCorrection="0"/>
<Player agaExpirationDate="" agaId="" club="63Ce" country="" egfPin="" ffgLicence="1100006" ffgLicenceStatus="L" firstName="Thibaut" name="Leycuras" participating="11111111111111111111" rank="5K" rating="1562" ratingOrigin="FFG" registeringStatus="FIN" smmsCorrection="0"/>
<Player agaExpirationDate="" agaId="" club="69Ly" country="" egfPin="" ffgLicence="0800416" ffgLicenceStatus="L" firstName="Antoine" name="Branchard" participating="11111111111111111111" rank="2D" rating="2209" ratingOrigin="FFG" registeringStatus="FIN" smmsCorrection="0"/>
<Player agaExpirationDate="" agaId="" club="69Ly" country="" egfPin="" ffgLicence="0900460" ffgLicenceStatus="L" firstName="Florent" name="Rioland" participating="11111111111111111111" rank="1D" rating="2090" ratingOrigin="FFG" registeringStatus="FIN" smmsCorrection="0"/>
<Player agaExpirationDate="" agaId="" club="34Mo" country="" egfPin="" ffgLicence="1000159" ffgLicenceStatus="L" firstName="Remi" name="le_Brouster" participating="11111111111111111111" rank="3K" rating="1794" ratingOrigin="FFG" registeringStatus="FIN" smmsCorrection="0"/>
<Player agaExpirationDate="" agaId="" club="69Ly" country="" egfPin="" ffgLicence="0414102" ffgLicenceStatus="L" firstName="Louis" name="Meckes" participating="11111111111111111111" rank="1D" rating="2134" ratingOrigin="FFG" registeringStatus="FIN" smmsCorrection="0"/>
</Players>
<Games>
<Game blackPlayer="NIVETFLORIAN" handicap="0" knownColor="true" result="RESULT_WHITEWINS" roundNumber="1" tableNumber="1" whitePlayer="NOGUCHIMOTOKI"/>
<Game blackPlayer="DONZETFRÉDÉRIC" handicap="0" knownColor="true" result="RESULT_BLACKWINS" roundNumber="1" tableNumber="2" whitePlayer="LAMÔLELAURENT"/>
<Game blackPlayer="LAGADUTANGUY" handicap="0" knownColor="true" result="RESULT_WHITEWINS" roundNumber="1" tableNumber="3" whitePlayer="FENECHANTOINE"/>
<Game blackPlayer="SBAIKEVIN" handicap="0" knownColor="true" result="RESULT_BLACKWINS" roundNumber="1" tableNumber="4" whitePlayer="BOUCHEPIERRE-ALAIN"/>
<Game blackPlayer="IMAMURA-CORNUEJOLSTORU" handicap="0" knownColor="true" result="RESULT_BLACKWINS" roundNumber="1" tableNumber="5" whitePlayer="MENONJEAN-FRANÇOIS"/>
<Game blackPlayer="PORTALJEAN-JACQUES" handicap="0" knownColor="true" result="RESULT_WHITEWINS" roundNumber="1" tableNumber="6" whitePlayer="KARADABANDENIS"/>
<Game blackPlayer="NADDEFJEAN_LOUP" handicap="0" knownColor="true" result="RESULT_BLACKWINS" roundNumber="1" tableNumber="7" whitePlayer="PARCOITDAVID"/>
<Game blackPlayer="BERTOMEUFLORIAN" handicap="0" knownColor="true" result="RESULT_WHITEWINS" roundNumber="1" tableNumber="8" whitePlayer="CORNUEJOLSDOMINIQUE"/>
<Game blackPlayer="TECCHIOPIERRE" handicap="0" knownColor="true" result="RESULT_WHITEWINS" roundNumber="1" tableNumber="9" whitePlayer="MIZESSYNFRANÇOIS"/>
<Game blackPlayer="DESVEAUXVIVIEN" handicap="0" knownColor="true" result="RESULT_BLACKWINS" roundNumber="1" tableNumber="10" whitePlayer="AVENELAUGUSTIN"/>
<Game blackPlayer="LEYCURASTHIBAUT" handicap="0" knownColor="true" result="RESULT_WHITEWINS" roundNumber="1" tableNumber="11" whitePlayer="CANCEPHILIPPE"/>
<Game blackPlayer="GRELIERNICOLAS" handicap="0" knownColor="true" result="RESULT_BLACKWINS" roundNumber="1" tableNumber="12" whitePlayer="CRUBELLIERETIENNE"/>
<Game blackPlayer="BELLISALEXANDRE" handicap="0" knownColor="true" result="RESULT_BLACKWINS" roundNumber="1" tableNumber="13" whitePlayer="GAUTHIERTHIBAULT"/>
<Game blackPlayer="MUGNIERVINCENT" handicap="0" knownColor="true" result="RESULT_BLACKWINS" roundNumber="1" tableNumber="14" whitePlayer="TISSERANTGUILLAUME"/>
<Game blackPlayer="LE_BROUSTERREMI" handicap="0" knownColor="true" result="RESULT_WHITEWINS" roundNumber="1" tableNumber="15" whitePlayer="COQUELETLAURENT"/>
<Game blackPlayer="DOUSSOTPATRICE" handicap="0" knownColor="true" result="RESULT_BLACKWINS" roundNumber="1" tableNumber="16" whitePlayer="ZAFINANDRORIJA"/>
<Game blackPlayer="RENAUDFRÉDÉRIC" handicap="0" knownColor="true" result="RESULT_WHITEWINS" roundNumber="1" tableNumber="18" whitePlayer="CAONGOC-TRANG"/>
<Game blackPlayer="AVEROUSPIERRE" handicap="0" knownColor="true" result="RESULT_WHITEWINS" roundNumber="1" tableNumber="17" whitePlayer="NEYROUDVIVIEN"/>
<Game blackPlayer="VANNIERLUC" handicap="0" knownColor="true" result="RESULT_BLACKWINS" roundNumber="1" tableNumber="20" whitePlayer="RITZENTHALERMARIEN"/>
<Game blackPlayer="AUSSIBALGABRIEL" handicap="0" knownColor="true" result="RESULT_WHITEWINS" roundNumber="1" tableNumber="19" whitePlayer="BOULESTREAUPIERRE"/>
<Game blackPlayer="MECKESLOUIS" handicap="0" knownColor="true" result="RESULT_WHITEWINS" roundNumber="1" tableNumber="22" whitePlayer="LIPSFABIEN"/>
<Game blackPlayer="GOURMONDJEAN-YVES" handicap="0" knownColor="true" result="RESULT_BLACKWINS" roundNumber="1" tableNumber="21" whitePlayer="BRANCHARDANTOINE"/>
<Game blackPlayer="RENDUQUENTIN" handicap="0" knownColor="true" result="RESULT_BLACKWINS" roundNumber="1" tableNumber="24" whitePlayer="FASOLAGILLES"/>
<Game blackPlayer="DIGARDMARTIN" handicap="0" knownColor="true" result="RESULT_WHITEWINS" roundNumber="1" tableNumber="23" whitePlayer="RIOLANDFLORENT"/>
<Game blackPlayer="CANCEPHILIPPE" handicap="0" knownColor="true" result="RESULT_WHITEWINS" roundNumber="2" tableNumber="11" whitePlayer="COQUELETLAURENT"/>
<Game blackPlayer="DOUSSOTPATRICE" handicap="0" knownColor="true" result="RESULT_WHITEWINS" roundNumber="2" tableNumber="12" whitePlayer="GRELIERNICOLAS"/>
<Game blackPlayer="MIZESSYNFRANÇOIS" handicap="0" knownColor="true" result="RESULT_BLACKWINS" roundNumber="2" tableNumber="9" whitePlayer="GAUTHIERTHIBAULT"/>
<Game blackPlayer="MUGNIERVINCENT" handicap="0" knownColor="true" result="RESULT_BLACKWINS" roundNumber="2" tableNumber="10" whitePlayer="DESVEAUXVIVIEN"/>
<Game blackPlayer="LAGADUTANGUY" handicap="0" knownColor="true" result="RESULT_WHITEWINS" roundNumber="2" tableNumber="15" whitePlayer="DIGARDMARTIN"/>
<Game blackPlayer="FASOLAGILLES" handicap="0" knownColor="true" result="RESULT_BLACKWINS" roundNumber="2" tableNumber="16" whitePlayer="BOUCHEPIERRE-ALAIN"/>
<Game blackPlayer="NIVETFLORIAN" handicap="0" knownColor="true" result="RESULT_WHITEWINS" roundNumber="2" tableNumber="13" whitePlayer="GOURMONDJEAN-YVES"/>
<Game blackPlayer="LIPSFABIEN" handicap="0" knownColor="true" result="RESULT_BLACKWINS" roundNumber="2" tableNumber="14" whitePlayer="LAMÔLELAURENT"/>
<Game blackPlayer="PARCOITDAVID" handicap="0" knownColor="true" result="RESULT_WHITEWINS" roundNumber="2" tableNumber="19" whitePlayer="AUSSIBALGABRIEL"/>
<Game blackPlayer="RITZENTHALERMARIEN" handicap="0" knownColor="true" result="RESULT_WHITEWINS" roundNumber="2" tableNumber="20" whitePlayer="BERTOMEUFLORIAN"/>
<Game blackPlayer="MENONJEAN-FRANÇOIS" handicap="0" knownColor="true" result="RESULT_BLACKWINS" roundNumber="2" tableNumber="17" whitePlayer="AVEROUSPIERRE"/>
<Game blackPlayer="CAONGOC-TRANG" handicap="0" knownColor="true" result="RESULT_BLACKWINS" roundNumber="2" tableNumber="18" whitePlayer="PORTALJEAN-JACQUES"/>
<Game blackPlayer="LE_BROUSTERREMI" handicap="0" knownColor="true" result="RESULT_BLACKWINS" roundNumber="2" tableNumber="23" whitePlayer="LEYCURASTHIBAUT"/>
<Game blackPlayer="CRUBELLIERETIENNE" handicap="0" knownColor="true" result="RESULT_WHITEWINS" roundNumber="2" tableNumber="24" whitePlayer="ZAFINANDRORIJA"/>
<Game blackPlayer="BELLISALEXANDRE" handicap="0" knownColor="true" result="RESULT_BLACKWINS" roundNumber="2" tableNumber="21" whitePlayer="TECCHIOPIERRE"/>
<Game blackPlayer="AVENELAUGUSTIN" handicap="0" knownColor="true" result="RESULT_BLACKWINS" roundNumber="2" tableNumber="22" whitePlayer="TISSERANTGUILLAUME"/>
<Game blackPlayer="BOUCHEPIERRE-ALAIN" handicap="0" knownColor="true" result="RESULT_WHITEWINS" roundNumber="4" tableNumber="24" whitePlayer="BERTOMEUFLORIAN"/>
<Game blackPlayer="PARCOITDAVID" handicap="0" knownColor="true" result="RESULT_BLACKWINS" roundNumber="4" tableNumber="23" whitePlayer="LAGADUTANGUY"/>
<Game blackPlayer="LAMÔLELAURENT" handicap="0" knownColor="true" result="RESULT_BLACKWINS" roundNumber="4" tableNumber="22" whitePlayer="PORTALJEAN-JACQUES"/>
<Game blackPlayer="MENONJEAN-FRANÇOIS" handicap="0" knownColor="true" result="RESULT_WHITEWINS" roundNumber="4" tableNumber="21" whitePlayer="NIVETFLORIAN"/>
<Game blackPlayer="RENDUQUENTIN" handicap="0" knownColor="true" result="RESULT_BLACKWINS" roundNumber="4" tableNumber="20" whitePlayer="CRUBELLIERETIENNE"/>
<Game blackPlayer="LEYCURASTHIBAUT" handicap="0" knownColor="true" result="RESULT_WHITEWINS" roundNumber="4" tableNumber="19" whitePlayer="RIOLANDFLORENT"/>
<Game blackPlayer="MECKESLOUIS" handicap="0" knownColor="true" result="RESULT_BLACKWINS" roundNumber="4" tableNumber="18" whitePlayer="AVENELAUGUSTIN"/>
<Game blackPlayer="TECCHIOPIERRE" handicap="0" knownColor="true" result="RESULT_WHITEWINS" roundNumber="4" tableNumber="17" whitePlayer="BRANCHARDANTOINE"/>
<Game blackPlayer="ZAFINANDRORIJA" handicap="0" knownColor="true" result="RESULT_WHITEWINS" roundNumber="4" tableNumber="16" whitePlayer="VANNIERLUC"/>
<Game blackPlayer="BOULESTREAUPIERRE" handicap="0" knownColor="true" result="RESULT_WHITEWINS" roundNumber="4" tableNumber="15" whitePlayer="LE_BROUSTERREMI"/>
<Game blackPlayer="TISSERANTGUILLAUME" handicap="0" knownColor="true" result="RESULT_WHITEWINS" roundNumber="4" tableNumber="14" whitePlayer="RENAUDFRÉDÉRIC"/>
<Game blackPlayer="NEYROUDVIVIEN" handicap="0" knownColor="true" result="RESULT_WHITEWINS" roundNumber="4" tableNumber="13" whitePlayer="BELLISALEXANDRE"/>
<Game blackPlayer="FASOLAGILLES" handicap="0" knownColor="true" result="RESULT_WHITEWINS" roundNumber="4" tableNumber="12" whitePlayer="DOUSSOTPATRICE"/>
<Game blackPlayer="COQUELETLAURENT" handicap="0" knownColor="true" result="RESULT_BLACKWINS" roundNumber="4" tableNumber="11" whitePlayer="DIGARDMARTIN"/>
<Game blackPlayer="LIPSFABIEN" handicap="0" knownColor="true" result="RESULT_WHITEWINS" roundNumber="4" tableNumber="10" whitePlayer="MUGNIERVINCENT"/>
<Game blackPlayer="GAUTHIERTHIBAULT" handicap="0" knownColor="true" result="RESULT_BLACKWINS" roundNumber="4" tableNumber="9" whitePlayer="GOURMONDJEAN-YVES"/>
<Game blackPlayer="AUSSIBALGABRIEL" handicap="0" knownColor="true" result="RESULT_WHITEWINS" roundNumber="4" tableNumber="7" whitePlayer="CANCEPHILIPPE"/>
<Game blackPlayer="GRELIERNICOLAS" handicap="0" knownColor="true" result="RESULT_BLACKWINS" roundNumber="4" tableNumber="8" whitePlayer="RITZENTHALERMARIEN"/>
<Game blackPlayer="AVEROUSPIERRE" handicap="0" knownColor="true" result="RESULT_WHITEWINS" roundNumber="4" tableNumber="5" whitePlayer="MIZESSYNFRANÇOIS"/>
<Game blackPlayer="DESVEAUXVIVIEN" handicap="0" knownColor="true" result="RESULT_BLACKWINS" roundNumber="4" tableNumber="6" whitePlayer="CAONGOC-TRANG"/>
<Game blackPlayer="NADDEFJEAN_LOUP" handicap="0" knownColor="true" result="RESULT_WHITEWINS" roundNumber="4" tableNumber="3" whitePlayer="FENECHANTOINE"/>
<Game blackPlayer="SBAIKEVIN" handicap="0" knownColor="true" result="RESULT_BLACKWINS" roundNumber="4" tableNumber="4" whitePlayer="CORNUEJOLSDOMINIQUE"/>
<Game blackPlayer="IMAMURA-CORNUEJOLSTORU" handicap="0" knownColor="true" result="RESULT_WHITEWINS" roundNumber="4" tableNumber="1" whitePlayer="NOGUCHIMOTOKI"/>
<Game blackPlayer="DONZETFRÉDÉRIC" handicap="0" knownColor="true" result="RESULT_BLACKWINS" roundNumber="4" tableNumber="2" whitePlayer="KARADABANDENIS"/>
<Game blackPlayer="MECKESLOUIS" handicap="0" knownColor="true" result="RESULT_WHITEWINS" roundNumber="2" tableNumber="2" whitePlayer="DONZETFRÉDÉRIC"/>
<Game blackPlayer="NOGUCHIMOTOKI" handicap="0" knownColor="true" result="RESULT_BLACKWINS" roundNumber="2" tableNumber="1" whitePlayer="BRANCHARDANTOINE"/>
<Game blackPlayer="RENDUQUENTIN" handicap="0" knownColor="true" result="RESULT_WHITEWINS" roundNumber="2" tableNumber="4" whitePlayer="SBAIKEVIN"/>
<Game blackPlayer="FENECHANTOINE" handicap="0" knownColor="true" result="RESULT_BLACKWINS" roundNumber="2" tableNumber="3" whitePlayer="RIOLANDFLORENT"/>
<Game blackPlayer="KARADABANDENIS" handicap="0" knownColor="true" result="RESULT_BLACKWINS" roundNumber="2" tableNumber="6" whitePlayer="RENAUDFRÉDÉRIC"/>
<Game blackPlayer="NEYROUDVIVIEN" handicap="0" knownColor="true" result="RESULT_BLACKWINS" roundNumber="2" tableNumber="5" whitePlayer="IMAMURA-CORNUEJOLSTORU"/>
<Game blackPlayer="CORNUEJOLSDOMINIQUE" handicap="0" knownColor="true" result="RESULT_BLACKWINS" roundNumber="2" tableNumber="8" whitePlayer="VANNIERLUC"/>
<Game blackPlayer="BOULESTREAUPIERRE" handicap="0" knownColor="true" result="RESULT_WHITEWINS" roundNumber="2" tableNumber="7" whitePlayer="NADDEFJEAN_LOUP"/>
<Game blackPlayer="AVENELAUGUSTIN" handicap="0" knownColor="true" result="RESULT_BLACKWINS" roundNumber="3" tableNumber="22" whitePlayer="PORTALJEAN-JACQUES"/>
<Game blackPlayer="MENONJEAN-FRANÇOIS" handicap="0" knownColor="true" result="RESULT_WHITEWINS" roundNumber="3" tableNumber="21" whitePlayer="TECCHIOPIERRE"/>
<Game blackPlayer="CRUBELLIERETIENNE" handicap="0" knownColor="true" result="RESULT_WHITEWINS" roundNumber="3" tableNumber="24" whitePlayer="BERTOMEUFLORIAN"/>
<Game blackPlayer="PARCOITDAVID" handicap="0" knownColor="true" result="RESULT_WHITEWINS" roundNumber="3" tableNumber="23" whitePlayer="LEYCURASTHIBAUT"/>
<Game blackPlayer="LAMÔLELAURENT" handicap="0" knownColor="true" result="RESULT_WHITEWINS" roundNumber="3" tableNumber="18" whitePlayer="CAONGOC-TRANG"/>
<Game blackPlayer="AVEROUSPIERRE" handicap="0" knownColor="true" result="RESULT_BLACKWINS" roundNumber="3" tableNumber="17" whitePlayer="NIVETFLORIAN"/>
<Game blackPlayer="BOUCHEPIERRE-ALAIN" handicap="0" knownColor="true" result="RESULT_WHITEWINS" roundNumber="3" tableNumber="20" whitePlayer="RITZENTHALERMARIEN"/>
<Game blackPlayer="AUSSIBALGABRIEL" handicap="0" knownColor="true" result="RESULT_BLACKWINS" roundNumber="3" tableNumber="19" whitePlayer="LAGADUTANGUY"/>
<Game blackPlayer="IMAMURA-CORNUEJOLSTORU" handicap="0" knownColor="true" result="RESULT_BLACKWINS" roundNumber="5" tableNumber="5" whitePlayer="GAUTHIERTHIBAULT"/>
<Game blackPlayer="MUGNIERVINCENT" handicap="0" knownColor="true" result="RESULT_WHITEWINS" roundNumber="5" tableNumber="6" whitePlayer="KARADABANDENIS"/>
<Game blackPlayer="NADDEFJEAN_LOUP" handicap="0" knownColor="true" result="RESULT_BLACKWINS" roundNumber="5" tableNumber="7" whitePlayer="COQUELETLAURENT"/>
<Game blackPlayer="DOUSSOTPATRICE" handicap="0" knownColor="true" result="RESULT_WHITEWINS" roundNumber="5" tableNumber="8" whitePlayer="CORNUEJOLSDOMINIQUE"/>
<Game blackPlayer="NOGUCHIMOTOKI" handicap="0" knownColor="true" result="RESULT_BLACKWINS" roundNumber="5" tableNumber="1" whitePlayer="MIZESSYNFRANÇOIS"/>
<Game blackPlayer="DESVEAUXVIVIEN" handicap="0" knownColor="true" result="RESULT_BLACKWINS" roundNumber="5" tableNumber="2" whitePlayer="DONZETFRÉDÉRIC"/>
<Game blackPlayer="FENECHANTOINE" handicap="0" knownColor="true" result="RESULT_BLACKWINS" roundNumber="5" tableNumber="3" whitePlayer="CANCEPHILIPPE"/>
<Game blackPlayer="GRELIERNICOLAS" handicap="0" knownColor="true" result="RESULT_WHITEWINS" roundNumber="5" tableNumber="4" whitePlayer="SBAIKEVIN"/>
<Game blackPlayer="GOURMONDJEAN-YVES" handicap="0" knownColor="true" result="RESULT_BLACKWINS" roundNumber="5" tableNumber="13" whitePlayer="MENONJEAN-FRANÇOIS"/>
<Game blackPlayer="PORTALJEAN-JACQUES" handicap="0" knownColor="true" result="RESULT_WHITEWINS" roundNumber="5" tableNumber="14" whitePlayer="LIPSFABIEN"/>
<Game blackPlayer="DIGARDMARTIN" handicap="0" knownColor="true" result="RESULT_BLACKWINS" roundNumber="5" tableNumber="15" whitePlayer="PARCOITDAVID"/>
<Game blackPlayer="BERTOMEUFLORIAN" handicap="0" knownColor="true" result="RESULT_WHITEWINS" roundNumber="5" tableNumber="16" whitePlayer="FASOLAGILLES"/>
<Game blackPlayer="BRANCHARDANTOINE" handicap="0" knownColor="true" result="RESULT_BLACKWINS" roundNumber="5" tableNumber="9" whitePlayer="NEYROUDVIVIEN"/>
<Game blackPlayer="RENAUDFRÉDÉRIC" handicap="0" knownColor="true" result="RESULT_WHITEWINS" roundNumber="5" tableNumber="10" whitePlayer="MECKESLOUIS"/>
<Game blackPlayer="RIOLANDFLORENT" handicap="0" knownColor="true" result="RESULT_BLACKWINS" roundNumber="5" tableNumber="11" whitePlayer="BOULESTREAUPIERRE"/>
<Game blackPlayer="VANNIERLUC" handicap="0" knownColor="true" result="RESULT_WHITEWINS" roundNumber="5" tableNumber="12" whitePlayer="RENDUQUENTIN"/>
<Game blackPlayer="FENECHANTOINE" handicap="0" knownColor="true" result="RESULT_BLACKWINS" roundNumber="3" tableNumber="3" whitePlayer="DIGARDMARTIN"/>
<Game blackPlayer="AVENELAUGUSTIN" handicap="0" knownColor="true" result="RESULT_BLACKWINS" roundNumber="5" tableNumber="22" whitePlayer="LAMÔLELAURENT"/>
<Game blackPlayer="FASOLAGILLES" handicap="0" knownColor="true" result="RESULT_WHITEWINS" roundNumber="3" tableNumber="4" whitePlayer="SBAIKEVIN"/>
<Game blackPlayer="NIVETFLORIAN" handicap="0" knownColor="true" result="RESULT_WHITEWINS" roundNumber="5" tableNumber="21" whitePlayer="TECCHIOPIERRE"/>
<Game blackPlayer="NOGUCHIMOTOKI" handicap="0" knownColor="true" result="RESULT_BLACKWINS" roundNumber="3" tableNumber="1" whitePlayer="GOURMONDJEAN-YVES"/>
<Game blackPlayer="CRUBELLIERETIENNE" handicap="0" knownColor="true" result="RESULT_BLACKWINS" roundNumber="5" tableNumber="24" whitePlayer="BOUCHEPIERRE-ALAIN"/>
<Game blackPlayer="LIPSFABIEN" handicap="0" knownColor="true" result="RESULT_WHITEWINS" roundNumber="3" tableNumber="2" whitePlayer="DONZETFRÉDÉRIC"/>
<Game blackPlayer="LAGADUTANGUY" handicap="0" knownColor="true" result="RESULT_BLACKWINS" roundNumber="5" tableNumber="23" whitePlayer="LEYCURASTHIBAUT"/>
<Game blackPlayer="CANCEPHILIPPE" handicap="0" knownColor="true" result="RESULT_WHITEWINS" roundNumber="3" tableNumber="7" whitePlayer="NADDEFJEAN_LOUP"/>
<Game blackPlayer="CAONGOC-TRANG" handicap="0" knownColor="true" result="RESULT_WHITEWINS" roundNumber="5" tableNumber="18" whitePlayer="TISSERANTGUILLAUME"/>
<Game blackPlayer="CORNUEJOLSDOMINIQUE" handicap="0" knownColor="true" result="RESULT_BLACKWINS" roundNumber="3" tableNumber="8" whitePlayer="GRELIERNICOLAS"/>
<Game blackPlayer="BELLISALEXANDRE" handicap="0" knownColor="true" result="RESULT_WHITEWINS" roundNumber="5" tableNumber="17" whitePlayer="AVEROUSPIERRE"/>
<Game blackPlayer="MIZESSYNFRANÇOIS" handicap="0" knownColor="true" result="RESULT_BLACKWINS" roundNumber="3" tableNumber="5" whitePlayer="IMAMURA-CORNUEJOLSTORU"/>
<Game blackPlayer="RITZENTHALERMARIEN" handicap="0" knownColor="true" result="RESULT_BLACKWINS" roundNumber="5" tableNumber="20" whitePlayer="ZAFINANDRORIJA"/>
<Game blackPlayer="KARADABANDENIS" handicap="0" knownColor="true" result="RESULT_WHITEWINS" roundNumber="3" tableNumber="6" whitePlayer="DESVEAUXVIVIEN"/>
<Game blackPlayer="LE_BROUSTERREMI" handicap="0" knownColor="true" result="RESULT_BLACKWINS" roundNumber="5" tableNumber="19" whitePlayer="AUSSIBALGABRIEL"/>
<Game blackPlayer="COQUELETLAURENT" handicap="0" knownColor="true" result="RESULT_BLACKWINS" roundNumber="3" tableNumber="11" whitePlayer="BOULESTREAUPIERRE"/>
<Game blackPlayer="VANNIERLUC" handicap="0" knownColor="true" result="RESULT_BLACKWINS" roundNumber="3" tableNumber="12" whitePlayer="DOUSSOTPATRICE"/>
<Game blackPlayer="GAUTHIERTHIBAULT" handicap="0" knownColor="true" result="RESULT_WHITEWINS" roundNumber="3" tableNumber="9" whitePlayer="NEYROUDVIVIEN"/>
<Game blackPlayer="RENAUDFRÉDÉRIC" handicap="0" knownColor="true" result="RESULT_WHITEWINS" roundNumber="3" tableNumber="10" whitePlayer="MUGNIERVINCENT"/>
<Game blackPlayer="RIOLANDFLORENT" handicap="0" knownColor="true" result="RESULT_BLACKWINS" roundNumber="3" tableNumber="15" whitePlayer="LE_BROUSTERREMI"/>
<Game blackPlayer="ZAFINANDRORIJA" handicap="0" knownColor="true" result="RESULT_BLACKWINS" roundNumber="3" tableNumber="16" whitePlayer="RENDUQUENTIN"/>
<Game blackPlayer="BRANCHARDANTOINE" handicap="0" knownColor="true" result="RESULT_WHITEWINS" roundNumber="3" tableNumber="13" whitePlayer="BELLISALEXANDRE"/>
<Game blackPlayer="TISSERANTGUILLAUME" handicap="0" knownColor="true" result="RESULT_WHITEWINS" roundNumber="3" tableNumber="14" whitePlayer="MECKESLOUIS"/>
</Games>
<Teams>
<Team teamName="Graug" teamNumber="8">
<Board boardNumber="1" player="TECCHIOPIERRE" roundNumber="1"/>
<Board boardNumber="2" player="AVENELAUGUSTIN" roundNumber="1"/>
<Board boardNumber="3" player="LEYCURASTHIBAUT" roundNumber="1"/>
<Board boardNumber="4" player="CRUBELLIERETIENNE" roundNumber="1"/>
<Board boardNumber="1" player="TECCHIOPIERRE" roundNumber="2"/>
<Board boardNumber="2" player="AVENELAUGUSTIN" roundNumber="2"/>
<Board boardNumber="3" player="LEYCURASTHIBAUT" roundNumber="2"/>
<Board boardNumber="4" player="CRUBELLIERETIENNE" roundNumber="2"/>
<Board boardNumber="1" player="TECCHIOPIERRE" roundNumber="3"/>
<Board boardNumber="2" player="AVENELAUGUSTIN" roundNumber="3"/>
<Board boardNumber="3" player="LEYCURASTHIBAUT" roundNumber="3"/>
<Board boardNumber="4" player="CRUBELLIERETIENNE" roundNumber="3"/>
<Board boardNumber="1" player="TECCHIOPIERRE" roundNumber="4"/>
<Board boardNumber="2" player="AVENELAUGUSTIN" roundNumber="4"/>
<Board boardNumber="3" player="LEYCURASTHIBAUT" roundNumber="4"/>
<Board boardNumber="4" player="CRUBELLIERETIENNE" roundNumber="4"/>
<Board boardNumber="1" player="TECCHIOPIERRE" roundNumber="5"/>
<Board boardNumber="2" player="AVENELAUGUSTIN" roundNumber="5"/>
<Board boardNumber="3" player="LEYCURASTHIBAUT" roundNumber="5"/>
<Board boardNumber="4" player="CRUBELLIERETIENNE" roundNumber="5"/>
<Board boardNumber="1" player="TECCHIOPIERRE" roundNumber="6"/>
<Board boardNumber="2" player="AVENELAUGUSTIN" roundNumber="6"/>
<Board boardNumber="3" player="LEYCURASTHIBAUT" roundNumber="6"/>
<Board boardNumber="4" player="CRUBELLIERETIENNE" roundNumber="6"/>
<Board boardNumber="1" player="TECCHIOPIERRE" roundNumber="7"/>
<Board boardNumber="2" player="AVENELAUGUSTIN" roundNumber="7"/>
<Board boardNumber="3" player="LEYCURASTHIBAUT" roundNumber="7"/>
<Board boardNumber="4" player="CRUBELLIERETIENNE" roundNumber="7"/>
<Board boardNumber="1" player="TECCHIOPIERRE" roundNumber="8"/>
<Board boardNumber="2" player="AVENELAUGUSTIN" roundNumber="8"/>
<Board boardNumber="3" player="LEYCURASTHIBAUT" roundNumber="8"/>
<Board boardNumber="4" player="CRUBELLIERETIENNE" roundNumber="8"/>
<Board boardNumber="1" player="TECCHIOPIERRE" roundNumber="9"/>
<Board boardNumber="2" player="AVENELAUGUSTIN" roundNumber="9"/>
<Board boardNumber="3" player="LEYCURASTHIBAUT" roundNumber="9"/>
<Board boardNumber="4" player="CRUBELLIERETIENNE" roundNumber="9"/>
<Board boardNumber="1" player="TECCHIOPIERRE" roundNumber="10"/>
<Board boardNumber="2" player="AVENELAUGUSTIN" roundNumber="10"/>
<Board boardNumber="3" player="LEYCURASTHIBAUT" roundNumber="10"/>
<Board boardNumber="4" player="CRUBELLIERETIENNE" roundNumber="10"/>
<Board boardNumber="1" player="TECCHIOPIERRE" roundNumber="11"/>
<Board boardNumber="2" player="AVENELAUGUSTIN" roundNumber="11"/>
<Board boardNumber="3" player="LEYCURASTHIBAUT" roundNumber="11"/>
<Board boardNumber="4" player="CRUBELLIERETIENNE" roundNumber="11"/>
<Board boardNumber="1" player="TECCHIOPIERRE" roundNumber="12"/>
<Board boardNumber="2" player="AVENELAUGUSTIN" roundNumber="12"/>
<Board boardNumber="3" player="LEYCURASTHIBAUT" roundNumber="12"/>
<Board boardNumber="4" player="CRUBELLIERETIENNE" roundNumber="12"/>
<Board boardNumber="1" player="TECCHIOPIERRE" roundNumber="13"/>
<Board boardNumber="2" player="AVENELAUGUSTIN" roundNumber="13"/>
<Board boardNumber="3" player="LEYCURASTHIBAUT" roundNumber="13"/>
<Board boardNumber="4" player="CRUBELLIERETIENNE" roundNumber="13"/>
<Board boardNumber="1" player="TECCHIOPIERRE" roundNumber="14"/>
<Board boardNumber="2" player="AVENELAUGUSTIN" roundNumber="14"/>
<Board boardNumber="3" player="LEYCURASTHIBAUT" roundNumber="14"/>
<Board boardNumber="4" player="CRUBELLIERETIENNE" roundNumber="14"/>
<Board boardNumber="1" player="TECCHIOPIERRE" roundNumber="15"/>
<Board boardNumber="2" player="AVENELAUGUSTIN" roundNumber="15"/>
<Board boardNumber="3" player="LEYCURASTHIBAUT" roundNumber="15"/>
<Board boardNumber="4" player="CRUBELLIERETIENNE" roundNumber="15"/>
<Board boardNumber="1" player="TECCHIOPIERRE" roundNumber="16"/>
<Board boardNumber="2" player="AVENELAUGUSTIN" roundNumber="16"/>
<Board boardNumber="3" player="LEYCURASTHIBAUT" roundNumber="16"/>
<Board boardNumber="4" player="CRUBELLIERETIENNE" roundNumber="16"/>
<Board boardNumber="1" player="TECCHIOPIERRE" roundNumber="17"/>
<Board boardNumber="2" player="AVENELAUGUSTIN" roundNumber="17"/>
<Board boardNumber="3" player="LEYCURASTHIBAUT" roundNumber="17"/>
<Board boardNumber="4" player="CRUBELLIERETIENNE" roundNumber="17"/>
<Board boardNumber="1" player="TECCHIOPIERRE" roundNumber="18"/>
<Board boardNumber="2" player="AVENELAUGUSTIN" roundNumber="18"/>
<Board boardNumber="3" player="LEYCURASTHIBAUT" roundNumber="18"/>
<Board boardNumber="4" player="CRUBELLIERETIENNE" roundNumber="18"/>
<Board boardNumber="1" player="TECCHIOPIERRE" roundNumber="19"/>
<Board boardNumber="2" player="AVENELAUGUSTIN" roundNumber="19"/>
<Board boardNumber="3" player="LEYCURASTHIBAUT" roundNumber="19"/>
<Board boardNumber="4" player="CRUBELLIERETIENNE" roundNumber="19"/>
<Board boardNumber="1" player="TECCHIOPIERRE" roundNumber="20"/>
<Board boardNumber="2" player="AVENELAUGUSTIN" roundNumber="20"/>
<Board boardNumber="3" player="LEYCURASTHIBAUT" roundNumber="20"/>
<Board boardNumber="4" player="CRUBELLIERETIENNE" roundNumber="20"/>
</Team>
<Team teamName="Toulouse 1" teamNumber="2">
<Board boardNumber="1" player="NEYROUDVIVIEN" roundNumber="1"/>
<Board boardNumber="2" player="RENAUDFRÉDÉRIC" roundNumber="1"/>
<Board boardNumber="3" player="BOULESTREAUPIERRE" roundNumber="1"/>
<Board boardNumber="4" player="VANNIERLUC" roundNumber="1"/>
<Board boardNumber="1" player="NEYROUDVIVIEN" roundNumber="2"/>
<Board boardNumber="2" player="RENAUDFRÉDÉRIC" roundNumber="2"/>
<Board boardNumber="3" player="BOULESTREAUPIERRE" roundNumber="2"/>
<Board boardNumber="4" player="VANNIERLUC" roundNumber="2"/>
<Board boardNumber="1" player="NEYROUDVIVIEN" roundNumber="3"/>
<Board boardNumber="2" player="RENAUDFRÉDÉRIC" roundNumber="3"/>
<Board boardNumber="3" player="BOULESTREAUPIERRE" roundNumber="3"/>
<Board boardNumber="4" player="VANNIERLUC" roundNumber="3"/>
<Board boardNumber="1" player="NEYROUDVIVIEN" roundNumber="4"/>
<Board boardNumber="2" player="RENAUDFRÉDÉRIC" roundNumber="4"/>
<Board boardNumber="3" player="BOULESTREAUPIERRE" roundNumber="4"/>
<Board boardNumber="4" player="VANNIERLUC" roundNumber="4"/>
<Board boardNumber="1" player="NEYROUDVIVIEN" roundNumber="5"/>
<Board boardNumber="2" player="RENAUDFRÉDÉRIC" roundNumber="5"/>
<Board boardNumber="3" player="BOULESTREAUPIERRE" roundNumber="5"/>
<Board boardNumber="4" player="VANNIERLUC" roundNumber="5"/>
<Board boardNumber="1" player="NEYROUDVIVIEN" roundNumber="6"/>
<Board boardNumber="2" player="RENAUDFRÉDÉRIC" roundNumber="6"/>
<Board boardNumber="3" player="BOULESTREAUPIERRE" roundNumber="6"/>
<Board boardNumber="4" player="VANNIERLUC" roundNumber="6"/>
<Board boardNumber="1" player="NEYROUDVIVIEN" roundNumber="7"/>
<Board boardNumber="2" player="RENAUDFRÉDÉRIC" roundNumber="7"/>
<Board boardNumber="3" player="BOULESTREAUPIERRE" roundNumber="7"/>
<Board boardNumber="4" player="VANNIERLUC" roundNumber="7"/>
<Board boardNumber="1" player="NEYROUDVIVIEN" roundNumber="8"/>
<Board boardNumber="2" player="RENAUDFRÉDÉRIC" roundNumber="8"/>
<Board boardNumber="3" player="BOULESTREAUPIERRE" roundNumber="8"/>
<Board boardNumber="4" player="VANNIERLUC" roundNumber="8"/>
<Board boardNumber="1" player="NEYROUDVIVIEN" roundNumber="9"/>
<Board boardNumber="2" player="RENAUDFRÉDÉRIC" roundNumber="9"/>
<Board boardNumber="3" player="BOULESTREAUPIERRE" roundNumber="9"/>
<Board boardNumber="4" player="VANNIERLUC" roundNumber="9"/>
<Board boardNumber="1" player="NEYROUDVIVIEN" roundNumber="10"/>
<Board boardNumber="2" player="RENAUDFRÉDÉRIC" roundNumber="10"/>
<Board boardNumber="3" player="BOULESTREAUPIERRE" roundNumber="10"/>
<Board boardNumber="4" player="VANNIERLUC" roundNumber="10"/>
<Board boardNumber="1" player="NEYROUDVIVIEN" roundNumber="11"/>
<Board boardNumber="2" player="RENAUDFRÉDÉRIC" roundNumber="11"/>
<Board boardNumber="3" player="BOULESTREAUPIERRE" roundNumber="11"/>
<Board boardNumber="4" player="VANNIERLUC" roundNumber="11"/>
<Board boardNumber="1" player="NEYROUDVIVIEN" roundNumber="12"/>
<Board boardNumber="2" player="RENAUDFRÉDÉRIC" roundNumber="12"/>
<Board boardNumber="3" player="BOULESTREAUPIERRE" roundNumber="12"/>
<Board boardNumber="4" player="VANNIERLUC" roundNumber="12"/>
<Board boardNumber="1" player="NEYROUDVIVIEN" roundNumber="13"/>
<Board boardNumber="2" player="RENAUDFRÉDÉRIC" roundNumber="13"/>
<Board boardNumber="3" player="BOULESTREAUPIERRE" roundNumber="13"/>
<Board boardNumber="4" player="VANNIERLUC" roundNumber="13"/>
<Board boardNumber="1" player="NEYROUDVIVIEN" roundNumber="14"/>
<Board boardNumber="2" player="RENAUDFRÉDÉRIC" roundNumber="14"/>
<Board boardNumber="3" player="BOULESTREAUPIERRE" roundNumber="14"/>
<Board boardNumber="4" player="VANNIERLUC" roundNumber="14"/>
<Board boardNumber="1" player="NEYROUDVIVIEN" roundNumber="15"/>
<Board boardNumber="2" player="RENAUDFRÉDÉRIC" roundNumber="15"/>
<Board boardNumber="3" player="BOULESTREAUPIERRE" roundNumber="15"/>
<Board boardNumber="4" player="VANNIERLUC" roundNumber="15"/>
<Board boardNumber="1" player="NEYROUDVIVIEN" roundNumber="16"/>
<Board boardNumber="2" player="RENAUDFRÉDÉRIC" roundNumber="16"/>
<Board boardNumber="3" player="BOULESTREAUPIERRE" roundNumber="16"/>
<Board boardNumber="4" player="VANNIERLUC" roundNumber="16"/>
<Board boardNumber="1" player="NEYROUDVIVIEN" roundNumber="17"/>
<Board boardNumber="2" player="RENAUDFRÉDÉRIC" roundNumber="17"/>
<Board boardNumber="3" player="BOULESTREAUPIERRE" roundNumber="17"/>
<Board boardNumber="4" player="VANNIERLUC" roundNumber="17"/>
<Board boardNumber="1" player="NEYROUDVIVIEN" roundNumber="18"/>
<Board boardNumber="2" player="RENAUDFRÉDÉRIC" roundNumber="18"/>
<Board boardNumber="3" player="BOULESTREAUPIERRE" roundNumber="18"/>
<Board boardNumber="4" player="VANNIERLUC" roundNumber="18"/>
<Board boardNumber="1" player="NEYROUDVIVIEN" roundNumber="19"/>
<Board boardNumber="2" player="RENAUDFRÉDÉRIC" roundNumber="19"/>
<Board boardNumber="3" player="BOULESTREAUPIERRE" roundNumber="19"/>
<Board boardNumber="4" player="VANNIERLUC" roundNumber="19"/>
<Board boardNumber="1" player="NEYROUDVIVIEN" roundNumber="20"/>
<Board boardNumber="2" player="RENAUDFRÉDÉRIC" roundNumber="20"/>
<Board boardNumber="3" player="BOULESTREAUPIERRE" roundNumber="20"/>
<Board boardNumber="4" player="VANNIERLUC" roundNumber="20"/>
</Team>
<Team teamName="Strasbourg 2" teamNumber="6">
<Board boardNumber="1" player="AVEROUSPIERRE" roundNumber="1"/>
<Board boardNumber="2" player="CAONGOC-TRANG" roundNumber="1"/>
<Board boardNumber="3" player="AUSSIBALGABRIEL" roundNumber="1"/>
<Board boardNumber="4" player="RITZENTHALERMARIEN" roundNumber="1"/>
<Board boardNumber="1" player="AVEROUSPIERRE" roundNumber="2"/>
<Board boardNumber="2" player="CAONGOC-TRANG" roundNumber="2"/>
<Board boardNumber="3" player="AUSSIBALGABRIEL" roundNumber="2"/>
<Board boardNumber="4" player="RITZENTHALERMARIEN" roundNumber="2"/>
<Board boardNumber="1" player="AVEROUSPIERRE" roundNumber="3"/>
<Board boardNumber="2" player="CAONGOC-TRANG" roundNumber="3"/>
<Board boardNumber="3" player="AUSSIBALGABRIEL" roundNumber="3"/>
<Board boardNumber="4" player="RITZENTHALERMARIEN" roundNumber="3"/>
<Board boardNumber="1" player="AVEROUSPIERRE" roundNumber="4"/>
<Board boardNumber="2" player="CAONGOC-TRANG" roundNumber="4"/>
<Board boardNumber="3" player="AUSSIBALGABRIEL" roundNumber="4"/>
<Board boardNumber="4" player="RITZENTHALERMARIEN" roundNumber="4"/>
<Board boardNumber="1" player="AVEROUSPIERRE" roundNumber="5"/>
<Board boardNumber="2" player="CAONGOC-TRANG" roundNumber="5"/>
<Board boardNumber="3" player="AUSSIBALGABRIEL" roundNumber="5"/>
<Board boardNumber="4" player="RITZENTHALERMARIEN" roundNumber="5"/>
<Board boardNumber="1" player="AVEROUSPIERRE" roundNumber="6"/>
<Board boardNumber="2" player="CAONGOC-TRANG" roundNumber="6"/>
<Board boardNumber="3" player="AUSSIBALGABRIEL" roundNumber="6"/>
<Board boardNumber="4" player="RITZENTHALERMARIEN" roundNumber="6"/>
<Board boardNumber="1" player="AVEROUSPIERRE" roundNumber="7"/>
<Board boardNumber="2" player="CAONGOC-TRANG" roundNumber="7"/>
<Board boardNumber="3" player="AUSSIBALGABRIEL" roundNumber="7"/>
<Board boardNumber="4" player="RITZENTHALERMARIEN" roundNumber="7"/>
<Board boardNumber="1" player="AVEROUSPIERRE" roundNumber="8"/>
<Board boardNumber="2" player="CAONGOC-TRANG" roundNumber="8"/>
<Board boardNumber="3" player="AUSSIBALGABRIEL" roundNumber="8"/>
<Board boardNumber="4" player="RITZENTHALERMARIEN" roundNumber="8"/>
<Board boardNumber="1" player="AVEROUSPIERRE" roundNumber="9"/>
<Board boardNumber="2" player="CAONGOC-TRANG" roundNumber="9"/>
<Board boardNumber="3" player="AUSSIBALGABRIEL" roundNumber="9"/>
<Board boardNumber="4" player="RITZENTHALERMARIEN" roundNumber="9"/>
<Board boardNumber="1" player="AVEROUSPIERRE" roundNumber="10"/>
<Board boardNumber="2" player="CAONGOC-TRANG" roundNumber="10"/>
<Board boardNumber="3" player="AUSSIBALGABRIEL" roundNumber="10"/>
<Board boardNumber="4" player="RITZENTHALERMARIEN" roundNumber="10"/>
<Board boardNumber="1" player="AVEROUSPIERRE" roundNumber="11"/>
<Board boardNumber="2" player="CAONGOC-TRANG" roundNumber="11"/>
<Board boardNumber="3" player="AUSSIBALGABRIEL" roundNumber="11"/>
<Board boardNumber="4" player="RITZENTHALERMARIEN" roundNumber="11"/>
<Board boardNumber="1" player="AVEROUSPIERRE" roundNumber="12"/>
<Board boardNumber="2" player="CAONGOC-TRANG" roundNumber="12"/>
<Board boardNumber="3" player="AUSSIBALGABRIEL" roundNumber="12"/>
<Board boardNumber="4" player="RITZENTHALERMARIEN" roundNumber="12"/>
<Board boardNumber="1" player="AVEROUSPIERRE" roundNumber="13"/>
<Board boardNumber="2" player="CAONGOC-TRANG" roundNumber="13"/>
<Board boardNumber="3" player="AUSSIBALGABRIEL" roundNumber="13"/>
<Board boardNumber="4" player="RITZENTHALERMARIEN" roundNumber="13"/>
<Board boardNumber="1" player="AVEROUSPIERRE" roundNumber="14"/>
<Board boardNumber="2" player="CAONGOC-TRANG" roundNumber="14"/>
<Board boardNumber="3" player="AUSSIBALGABRIEL" roundNumber="14"/>
<Board boardNumber="4" player="RITZENTHALERMARIEN" roundNumber="14"/>
<Board boardNumber="1" player="AVEROUSPIERRE" roundNumber="15"/>
<Board boardNumber="2" player="CAONGOC-TRANG" roundNumber="15"/>
<Board boardNumber="3" player="AUSSIBALGABRIEL" roundNumber="15"/>
<Board boardNumber="4" player="RITZENTHALERMARIEN" roundNumber="15"/>
<Board boardNumber="1" player="AVEROUSPIERRE" roundNumber="16"/>
<Board boardNumber="2" player="CAONGOC-TRANG" roundNumber="16"/>
<Board boardNumber="3" player="AUSSIBALGABRIEL" roundNumber="16"/>
<Board boardNumber="4" player="RITZENTHALERMARIEN" roundNumber="16"/>
<Board boardNumber="1" player="AVEROUSPIERRE" roundNumber="17"/>
<Board boardNumber="2" player="CAONGOC-TRANG" roundNumber="17"/>
<Board boardNumber="3" player="AUSSIBALGABRIEL" roundNumber="17"/>
<Board boardNumber="4" player="RITZENTHALERMARIEN" roundNumber="17"/>
<Board boardNumber="1" player="AVEROUSPIERRE" roundNumber="18"/>
<Board boardNumber="2" player="CAONGOC-TRANG" roundNumber="18"/>
<Board boardNumber="3" player="AUSSIBALGABRIEL" roundNumber="18"/>
<Board boardNumber="4" player="RITZENTHALERMARIEN" roundNumber="18"/>
<Board boardNumber="1" player="AVEROUSPIERRE" roundNumber="19"/>
<Board boardNumber="2" player="CAONGOC-TRANG" roundNumber="19"/>
<Board boardNumber="3" player="AUSSIBALGABRIEL" roundNumber="19"/>
<Board boardNumber="4" player="RITZENTHALERMARIEN" roundNumber="19"/>
<Board boardNumber="1" player="AVEROUSPIERRE" roundNumber="20"/>
<Board boardNumber="2" player="CAONGOC-TRANG" roundNumber="20"/>
<Board boardNumber="3" player="AUSSIBALGABRIEL" roundNumber="20"/>
<Board boardNumber="4" player="RITZENTHALERMARIEN" roundNumber="20"/>
</Team>
<Team teamName="Strasbourg" teamNumber="11">
<Board boardNumber="1" player="NOGUCHIMOTOKI" roundNumber="1"/>
<Board boardNumber="2" player="DONZETFRÉDÉRIC" roundNumber="1"/>
<Board boardNumber="3" player="FENECHANTOINE" roundNumber="1"/>
<Board boardNumber="4" player="SBAIKEVIN" roundNumber="1"/>
<Board boardNumber="1" player="NOGUCHIMOTOKI" roundNumber="2"/>
<Board boardNumber="2" player="DONZETFRÉDÉRIC" roundNumber="2"/>
<Board boardNumber="3" player="FENECHANTOINE" roundNumber="2"/>
<Board boardNumber="4" player="SBAIKEVIN" roundNumber="2"/>
<Board boardNumber="1" player="NOGUCHIMOTOKI" roundNumber="3"/>
<Board boardNumber="2" player="DONZETFRÉDÉRIC" roundNumber="3"/>
<Board boardNumber="3" player="FENECHANTOINE" roundNumber="3"/>
<Board boardNumber="4" player="SBAIKEVIN" roundNumber="3"/>
<Board boardNumber="1" player="NOGUCHIMOTOKI" roundNumber="4"/>
<Board boardNumber="2" player="DONZETFRÉDÉRIC" roundNumber="4"/>
<Board boardNumber="3" player="FENECHANTOINE" roundNumber="4"/>
<Board boardNumber="4" player="SBAIKEVIN" roundNumber="4"/>
<Board boardNumber="1" player="NOGUCHIMOTOKI" roundNumber="5"/>
<Board boardNumber="2" player="DONZETFRÉDÉRIC" roundNumber="5"/>
<Board boardNumber="3" player="FENECHANTOINE" roundNumber="5"/>
<Board boardNumber="4" player="SBAIKEVIN" roundNumber="5"/>
<Board boardNumber="1" player="NOGUCHIMOTOKI" roundNumber="6"/>
<Board boardNumber="2" player="DONZETFRÉDÉRIC" roundNumber="6"/>
<Board boardNumber="3" player="FENECHANTOINE" roundNumber="6"/>
<Board boardNumber="4" player="SBAIKEVIN" roundNumber="6"/>
<Board boardNumber="1" player="NOGUCHIMOTOKI" roundNumber="7"/>
<Board boardNumber="2" player="DONZETFRÉDÉRIC" roundNumber="7"/>
<Board boardNumber="3" player="FENECHANTOINE" roundNumber="7"/>
<Board boardNumber="4" player="SBAIKEVIN" roundNumber="7"/>
<Board boardNumber="1" player="NOGUCHIMOTOKI" roundNumber="8"/>
<Board boardNumber="2" player="DONZETFRÉDÉRIC" roundNumber="8"/>
<Board boardNumber="3" player="FENECHANTOINE" roundNumber="8"/>
<Board boardNumber="4" player="SBAIKEVIN" roundNumber="8"/>
<Board boardNumber="1" player="NOGUCHIMOTOKI" roundNumber="9"/>
<Board boardNumber="2" player="DONZETFRÉDÉRIC" roundNumber="9"/>
<Board boardNumber="3" player="FENECHANTOINE" roundNumber="9"/>
<Board boardNumber="4" player="SBAIKEVIN" roundNumber="9"/>
<Board boardNumber="1" player="NOGUCHIMOTOKI" roundNumber="10"/>
<Board boardNumber="2" player="DONZETFRÉDÉRIC" roundNumber="10"/>
<Board boardNumber="3" player="FENECHANTOINE" roundNumber="10"/>
<Board boardNumber="4" player="SBAIKEVIN" roundNumber="10"/>
<Board boardNumber="1" player="NOGUCHIMOTOKI" roundNumber="11"/>
<Board boardNumber="2" player="DONZETFRÉDÉRIC" roundNumber="11"/>
<Board boardNumber="3" player="FENECHANTOINE" roundNumber="11"/>
<Board boardNumber="4" player="SBAIKEVIN" roundNumber="11"/>
<Board boardNumber="1" player="NOGUCHIMOTOKI" roundNumber="12"/>
<Board boardNumber="2" player="DONZETFRÉDÉRIC" roundNumber="12"/>
<Board boardNumber="3" player="FENECHANTOINE" roundNumber="12"/>
<Board boardNumber="4" player="SBAIKEVIN" roundNumber="12"/>
<Board boardNumber="1" player="NOGUCHIMOTOKI" roundNumber="13"/>
<Board boardNumber="2" player="DONZETFRÉDÉRIC" roundNumber="13"/>
<Board boardNumber="3" player="FENECHANTOINE" roundNumber="13"/>
<Board boardNumber="4" player="SBAIKEVIN" roundNumber="13"/>
<Board boardNumber="1" player="NOGUCHIMOTOKI" roundNumber="14"/>
<Board boardNumber="2" player="DONZETFRÉDÉRIC" roundNumber="14"/>
<Board boardNumber="3" player="FENECHANTOINE" roundNumber="14"/>
<Board boardNumber="4" player="SBAIKEVIN" roundNumber="14"/>
<Board boardNumber="1" player="NOGUCHIMOTOKI" roundNumber="15"/>
<Board boardNumber="2" player="DONZETFRÉDÉRIC" roundNumber="15"/>
<Board boardNumber="3" player="FENECHANTOINE" roundNumber="15"/>
<Board boardNumber="4" player="SBAIKEVIN" roundNumber="15"/>
<Board boardNumber="1" player="NOGUCHIMOTOKI" roundNumber="16"/>
<Board boardNumber="2" player="DONZETFRÉDÉRIC" roundNumber="16"/>
<Board boardNumber="3" player="FENECHANTOINE" roundNumber="16"/>
<Board boardNumber="4" player="SBAIKEVIN" roundNumber="16"/>
<Board boardNumber="1" player="NOGUCHIMOTOKI" roundNumber="17"/>
<Board boardNumber="2" player="DONZETFRÉDÉRIC" roundNumber="17"/>
<Board boardNumber="3" player="FENECHANTOINE" roundNumber="17"/>
<Board boardNumber="4" player="SBAIKEVIN" roundNumber="17"/>
<Board boardNumber="1" player="NOGUCHIMOTOKI" roundNumber="18"/>
<Board boardNumber="2" player="DONZETFRÉDÉRIC" roundNumber="18"/>
<Board boardNumber="3" player="FENECHANTOINE" roundNumber="18"/>
<Board boardNumber="4" player="SBAIKEVIN" roundNumber="18"/>
<Board boardNumber="1" player="NOGUCHIMOTOKI" roundNumber="19"/>
<Board boardNumber="2" player="DONZETFRÉDÉRIC" roundNumber="19"/>
<Board boardNumber="3" player="FENECHANTOINE" roundNumber="19"/>
<Board boardNumber="4" player="SBAIKEVIN" roundNumber="19"/>
<Board boardNumber="1" player="NOGUCHIMOTOKI" roundNumber="20"/>
<Board boardNumber="2" player="DONZETFRÉDÉRIC" roundNumber="20"/>
<Board boardNumber="3" player="FENECHANTOINE" roundNumber="20"/>
<Board boardNumber="4" player="SBAIKEVIN" roundNumber="20"/>
</Team>
<Team teamName="Toulouse 3" teamNumber="9">
<Board boardNumber="1" player="NIVETFLORIAN" roundNumber="1"/>
<Board boardNumber="2" player="LAMÔLELAURENT" roundNumber="1"/>
<Board boardNumber="3" player="LAGADUTANGUY" roundNumber="1"/>
<Board boardNumber="4" player="BOUCHEPIERRE-ALAIN" roundNumber="1"/>
<Board boardNumber="1" player="NIVETFLORIAN" roundNumber="2"/>
<Board boardNumber="2" player="LAMÔLELAURENT" roundNumber="2"/>
<Board boardNumber="3" player="LAGADUTANGUY" roundNumber="2"/>
<Board boardNumber="4" player="BOUCHEPIERRE-ALAIN" roundNumber="2"/>
<Board boardNumber="1" player="NIVETFLORIAN" roundNumber="3"/>
<Board boardNumber="2" player="LAMÔLELAURENT" roundNumber="3"/>
<Board boardNumber="3" player="LAGADUTANGUY" roundNumber="3"/>
<Board boardNumber="4" player="BOUCHEPIERRE-ALAIN" roundNumber="3"/>
<Board boardNumber="1" player="NIVETFLORIAN" roundNumber="4"/>
<Board boardNumber="2" player="LAMÔLELAURENT" roundNumber="4"/>
<Board boardNumber="3" player="LAGADUTANGUY" roundNumber="4"/>
<Board boardNumber="4" player="BOUCHEPIERRE-ALAIN" roundNumber="4"/>
<Board boardNumber="1" player="NIVETFLORIAN" roundNumber="5"/>
<Board boardNumber="2" player="LAMÔLELAURENT" roundNumber="5"/>
<Board boardNumber="3" player="LAGADUTANGUY" roundNumber="5"/>
<Board boardNumber="4" player="BOUCHEPIERRE-ALAIN" roundNumber="5"/>
<Board boardNumber="1" player="NIVETFLORIAN" roundNumber="6"/>
<Board boardNumber="2" player="LAMÔLELAURENT" roundNumber="6"/>
<Board boardNumber="3" player="LAGADUTANGUY" roundNumber="6"/>
<Board boardNumber="4" player="BOUCHEPIERRE-ALAIN" roundNumber="6"/>
<Board boardNumber="1" player="NIVETFLORIAN" roundNumber="7"/>
<Board boardNumber="2" player="LAMÔLELAURENT" roundNumber="7"/>
<Board boardNumber="3" player="LAGADUTANGUY" roundNumber="7"/>
<Board boardNumber="4" player="BOUCHEPIERRE-ALAIN" roundNumber="7"/>
<Board boardNumber="1" player="NIVETFLORIAN" roundNumber="8"/>
<Board boardNumber="2" player="LAMÔLELAURENT" roundNumber="8"/>
<Board boardNumber="3" player="LAGADUTANGUY" roundNumber="8"/>
<Board boardNumber="4" player="BOUCHEPIERRE-ALAIN" roundNumber="8"/>
<Board boardNumber="1" player="NIVETFLORIAN" roundNumber="9"/>
<Board boardNumber="2" player="LAMÔLELAURENT" roundNumber="9"/>
<Board boardNumber="3" player="LAGADUTANGUY" roundNumber="9"/>
<Board boardNumber="4" player="BOUCHEPIERRE-ALAIN" roundNumber="9"/>
<Board boardNumber="1" player="NIVETFLORIAN" roundNumber="10"/>
<Board boardNumber="2" player="LAMÔLELAURENT" roundNumber="10"/>
<Board boardNumber="3" player="LAGADUTANGUY" roundNumber="10"/>
<Board boardNumber="4" player="BOUCHEPIERRE-ALAIN" roundNumber="10"/>
<Board boardNumber="1" player="NIVETFLORIAN" roundNumber="11"/>
<Board boardNumber="2" player="LAMÔLELAURENT" roundNumber="11"/>
<Board boardNumber="3" player="LAGADUTANGUY" roundNumber="11"/>
<Board boardNumber="4" player="BOUCHEPIERRE-ALAIN" roundNumber="11"/>
<Board boardNumber="1" player="NIVETFLORIAN" roundNumber="12"/>
<Board boardNumber="2" player="LAMÔLELAURENT" roundNumber="12"/>
<Board boardNumber="3" player="LAGADUTANGUY" roundNumber="12"/>
<Board boardNumber="4" player="BOUCHEPIERRE-ALAIN" roundNumber="12"/>
<Board boardNumber="1" player="NIVETFLORIAN" roundNumber="13"/>
<Board boardNumber="2" player="LAMÔLELAURENT" roundNumber="13"/>
<Board boardNumber="3" player="LAGADUTANGUY" roundNumber="13"/>
<Board boardNumber="4" player="BOUCHEPIERRE-ALAIN" roundNumber="13"/>
<Board boardNumber="1" player="NIVETFLORIAN" roundNumber="14"/>
<Board boardNumber="2" player="LAMÔLELAURENT" roundNumber="14"/>
<Board boardNumber="3" player="LAGADUTANGUY" roundNumber="14"/>
<Board boardNumber="4" player="BOUCHEPIERRE-ALAIN" roundNumber="14"/>
<Board boardNumber="1" player="NIVETFLORIAN" roundNumber="15"/>
<Board boardNumber="2" player="LAMÔLELAURENT" roundNumber="15"/>
<Board boardNumber="3" player="LAGADUTANGUY" roundNumber="15"/>
<Board boardNumber="4" player="BOUCHEPIERRE-ALAIN" roundNumber="15"/>
<Board boardNumber="1" player="NIVETFLORIAN" roundNumber="16"/>
<Board boardNumber="2" player="LAMÔLELAURENT" roundNumber="16"/>
<Board boardNumber="3" player="LAGADUTANGUY" roundNumber="16"/>
<Board boardNumber="4" player="BOUCHEPIERRE-ALAIN" roundNumber="16"/>
<Board boardNumber="1" player="NIVETFLORIAN" roundNumber="17"/>
<Board boardNumber="2" player="LAMÔLELAURENT" roundNumber="17"/>
<Board boardNumber="3" player="LAGADUTANGUY" roundNumber="17"/>
<Board boardNumber="4" player="BOUCHEPIERRE-ALAIN" roundNumber="17"/>
<Board boardNumber="1" player="NIVETFLORIAN" roundNumber="18"/>
<Board boardNumber="2" player="LAMÔLELAURENT" roundNumber="18"/>
<Board boardNumber="3" player="LAGADUTANGUY" roundNumber="18"/>
<Board boardNumber="4" player="BOUCHEPIERRE-ALAIN" roundNumber="18"/>
<Board boardNumber="1" player="NIVETFLORIAN" roundNumber="19"/>
<Board boardNumber="2" player="LAMÔLELAURENT" roundNumber="19"/>
<Board boardNumber="3" player="LAGADUTANGUY" roundNumber="19"/>
<Board boardNumber="4" player="BOUCHEPIERRE-ALAIN" roundNumber="19"/>
<Board boardNumber="1" player="NIVETFLORIAN" roundNumber="20"/>
<Board boardNumber="2" player="LAMÔLELAURENT" roundNumber="20"/>
<Board boardNumber="3" player="LAGADUTANGUY" roundNumber="20"/>
<Board boardNumber="4" player="BOUCHEPIERRE-ALAIN" roundNumber="20"/>
</Team>
<Team teamName="Toulouse 2" teamNumber="10">
<Board boardNumber="1" player="MENONJEAN-FRANÇOIS" roundNumber="1"/>
<Board boardNumber="2" player="PORTALJEAN-JACQUES" roundNumber="1"/>
<Board boardNumber="3" player="PARCOITDAVID" roundNumber="1"/>
<Board boardNumber="4" player="BERTOMEUFLORIAN" roundNumber="1"/>
<Board boardNumber="1" player="MENONJEAN-FRANÇOIS" roundNumber="2"/>
<Board boardNumber="2" player="PORTALJEAN-JACQUES" roundNumber="2"/>
<Board boardNumber="3" player="PARCOITDAVID" roundNumber="2"/>
<Board boardNumber="4" player="BERTOMEUFLORIAN" roundNumber="2"/>
<Board boardNumber="1" player="MENONJEAN-FRANÇOIS" roundNumber="3"/>
<Board boardNumber="2" player="PORTALJEAN-JACQUES" roundNumber="3"/>
<Board boardNumber="3" player="PARCOITDAVID" roundNumber="3"/>
<Board boardNumber="4" player="BERTOMEUFLORIAN" roundNumber="3"/>
<Board boardNumber="1" player="MENONJEAN-FRANÇOIS" roundNumber="4"/>
<Board boardNumber="2" player="PORTALJEAN-JACQUES" roundNumber="4"/>
<Board boardNumber="3" player="PARCOITDAVID" roundNumber="4"/>
<Board boardNumber="4" player="BERTOMEUFLORIAN" roundNumber="4"/>
<Board boardNumber="1" player="MENONJEAN-FRANÇOIS" roundNumber="5"/>
<Board boardNumber="2" player="PORTALJEAN-JACQUES" roundNumber="5"/>
<Board boardNumber="3" player="PARCOITDAVID" roundNumber="5"/>
<Board boardNumber="4" player="BERTOMEUFLORIAN" roundNumber="5"/>
<Board boardNumber="1" player="MENONJEAN-FRANÇOIS" roundNumber="6"/>
<Board boardNumber="2" player="PORTALJEAN-JACQUES" roundNumber="6"/>
<Board boardNumber="3" player="PARCOITDAVID" roundNumber="6"/>
<Board boardNumber="4" player="BERTOMEUFLORIAN" roundNumber="6"/>
<Board boardNumber="1" player="MENONJEAN-FRANÇOIS" roundNumber="7"/>
<Board boardNumber="2" player="PORTALJEAN-JACQUES" roundNumber="7"/>
<Board boardNumber="3" player="PARCOITDAVID" roundNumber="7"/>
<Board boardNumber="4" player="BERTOMEUFLORIAN" roundNumber="7"/>
<Board boardNumber="1" player="MENONJEAN-FRANÇOIS" roundNumber="8"/>
<Board boardNumber="2" player="PORTALJEAN-JACQUES" roundNumber="8"/>
<Board boardNumber="3" player="PARCOITDAVID" roundNumber="8"/>
<Board boardNumber="4" player="BERTOMEUFLORIAN" roundNumber="8"/>
<Board boardNumber="1" player="MENONJEAN-FRANÇOIS" roundNumber="9"/>
<Board boardNumber="2" player="PORTALJEAN-JACQUES" roundNumber="9"/>
<Board boardNumber="3" player="PARCOITDAVID" roundNumber="9"/>
<Board boardNumber="4" player="BERTOMEUFLORIAN" roundNumber="9"/>
<Board boardNumber="1" player="MENONJEAN-FRANÇOIS" roundNumber="10"/>
<Board boardNumber="2" player="PORTALJEAN-JACQUES" roundNumber="10"/>
<Board boardNumber="3" player="PARCOITDAVID" roundNumber="10"/>
<Board boardNumber="4" player="BERTOMEUFLORIAN" roundNumber="10"/>
<Board boardNumber="1" player="MENONJEAN-FRANÇOIS" roundNumber="11"/>
<Board boardNumber="2" player="PORTALJEAN-JACQUES" roundNumber="11"/>
<Board boardNumber="3" player="PARCOITDAVID" roundNumber="11"/>
<Board boardNumber="4" player="BERTOMEUFLORIAN" roundNumber="11"/>
<Board boardNumber="1" player="MENONJEAN-FRANÇOIS" roundNumber="12"/>
<Board boardNumber="2" player="PORTALJEAN-JACQUES" roundNumber="12"/>
<Board boardNumber="3" player="PARCOITDAVID" roundNumber="12"/>
<Board boardNumber="4" player="BERTOMEUFLORIAN" roundNumber="12"/>
<Board boardNumber="1" player="MENONJEAN-FRANÇOIS" roundNumber="13"/>
<Board boardNumber="2" player="PORTALJEAN-JACQUES" roundNumber="13"/>
<Board boardNumber="3" player="PARCOITDAVID" roundNumber="13"/>
<Board boardNumber="4" player="BERTOMEUFLORIAN" roundNumber="13"/>
<Board boardNumber="1" player="MENONJEAN-FRANÇOIS" roundNumber="14"/>
<Board boardNumber="2" player="PORTALJEAN-JACQUES" roundNumber="14"/>
<Board boardNumber="3" player="PARCOITDAVID" roundNumber="14"/>
<Board boardNumber="4" player="BERTOMEUFLORIAN" roundNumber="14"/>
<Board boardNumber="1" player="MENONJEAN-FRANÇOIS" roundNumber="15"/>
<Board boardNumber="2" player="PORTALJEAN-JACQUES" roundNumber="15"/>
<Board boardNumber="3" player="PARCOITDAVID" roundNumber="15"/>
<Board boardNumber="4" player="BERTOMEUFLORIAN" roundNumber="15"/>
<Board boardNumber="1" player="MENONJEAN-FRANÇOIS" roundNumber="16"/>
<Board boardNumber="2" player="PORTALJEAN-JACQUES" roundNumber="16"/>
<Board boardNumber="3" player="PARCOITDAVID" roundNumber="16"/>
<Board boardNumber="4" player="BERTOMEUFLORIAN" roundNumber="16"/>
<Board boardNumber="1" player="MENONJEAN-FRANÇOIS" roundNumber="17"/>
<Board boardNumber="2" player="PORTALJEAN-JACQUES" roundNumber="17"/>
<Board boardNumber="3" player="PARCOITDAVID" roundNumber="17"/>
<Board boardNumber="4" player="BERTOMEUFLORIAN" roundNumber="17"/>
<Board boardNumber="1" player="MENONJEAN-FRANÇOIS" roundNumber="18"/>
<Board boardNumber="2" player="PORTALJEAN-JACQUES" roundNumber="18"/>
<Board boardNumber="3" player="PARCOITDAVID" roundNumber="18"/>
<Board boardNumber="4" player="BERTOMEUFLORIAN" roundNumber="18"/>
<Board boardNumber="1" player="MENONJEAN-FRANÇOIS" roundNumber="19"/>
<Board boardNumber="2" player="PORTALJEAN-JACQUES" roundNumber="19"/>
<Board boardNumber="3" player="PARCOITDAVID" roundNumber="19"/>
<Board boardNumber="4" player="BERTOMEUFLORIAN" roundNumber="19"/>
<Board boardNumber="1" player="MENONJEAN-FRANÇOIS" roundNumber="20"/>
<Board boardNumber="2" player="PORTALJEAN-JACQUES" roundNumber="20"/>
<Board boardNumber="3" player="PARCOITDAVID" roundNumber="20"/>
<Board boardNumber="4" player="BERTOMEUFLORIAN" roundNumber="20"/>
</Team>
<Team teamName="Montpellier" teamNumber="7">
<Board boardNumber="1" player="BELLISALEXANDRE" roundNumber="1"/>
<Board boardNumber="2" player="TISSERANTGUILLAUME" roundNumber="1"/>
<Board boardNumber="3" player="LE_BROUSTERREMI" roundNumber="1"/>
<Board boardNumber="4" player="ZAFINANDRORIJA" roundNumber="1"/>
<Board boardNumber="1" player="BELLISALEXANDRE" roundNumber="2"/>
<Board boardNumber="2" player="TISSERANTGUILLAUME" roundNumber="2"/>
<Board boardNumber="3" player="LE_BROUSTERREMI" roundNumber="2"/>
<Board boardNumber="4" player="ZAFINANDRORIJA" roundNumber="2"/>
<Board boardNumber="1" player="BELLISALEXANDRE" roundNumber="3"/>
<Board boardNumber="2" player="TISSERANTGUILLAUME" roundNumber="3"/>
<Board boardNumber="3" player="LE_BROUSTERREMI" roundNumber="3"/>
<Board boardNumber="4" player="ZAFINANDRORIJA" roundNumber="3"/>
<Board boardNumber="1" player="BELLISALEXANDRE" roundNumber="4"/>
<Board boardNumber="2" player="TISSERANTGUILLAUME" roundNumber="4"/>
<Board boardNumber="3" player="LE_BROUSTERREMI" roundNumber="4"/>
<Board boardNumber="4" player="ZAFINANDRORIJA" roundNumber="4"/>
<Board boardNumber="1" player="BELLISALEXANDRE" roundNumber="5"/>
<Board boardNumber="2" player="TISSERANTGUILLAUME" roundNumber="5"/>
<Board boardNumber="3" player="LE_BROUSTERREMI" roundNumber="5"/>
<Board boardNumber="4" player="ZAFINANDRORIJA" roundNumber="5"/>
<Board boardNumber="1" player="BELLISALEXANDRE" roundNumber="6"/>
<Board boardNumber="2" player="TISSERANTGUILLAUME" roundNumber="6"/>
<Board boardNumber="3" player="LE_BROUSTERREMI" roundNumber="6"/>
<Board boardNumber="4" player="ZAFINANDRORIJA" roundNumber="6"/>
<Board boardNumber="1" player="BELLISALEXANDRE" roundNumber="7"/>
<Board boardNumber="2" player="TISSERANTGUILLAUME" roundNumber="7"/>
<Board boardNumber="3" player="LE_BROUSTERREMI" roundNumber="7"/>
<Board boardNumber="4" player="ZAFINANDRORIJA" roundNumber="7"/>
<Board boardNumber="1" player="BELLISALEXANDRE" roundNumber="8"/>
<Board boardNumber="2" player="TISSERANTGUILLAUME" roundNumber="8"/>
<Board boardNumber="3" player="LE_BROUSTERREMI" roundNumber="8"/>
<Board boardNumber="4" player="ZAFINANDRORIJA" roundNumber="8"/>
<Board boardNumber="1" player="BELLISALEXANDRE" roundNumber="9"/>
<Board boardNumber="2" player="TISSERANTGUILLAUME" roundNumber="9"/>
<Board boardNumber="3" player="LE_BROUSTERREMI" roundNumber="9"/>
<Board boardNumber="4" player="ZAFINANDRORIJA" roundNumber="9"/>
<Board boardNumber="1" player="BELLISALEXANDRE" roundNumber="10"/>
<Board boardNumber="2" player="TISSERANTGUILLAUME" roundNumber="10"/>
<Board boardNumber="3" player="LE_BROUSTERREMI" roundNumber="10"/>
<Board boardNumber="4" player="ZAFINANDRORIJA" roundNumber="10"/>
<Board boardNumber="1" player="BELLISALEXANDRE" roundNumber="11"/>
<Board boardNumber="2" player="TISSERANTGUILLAUME" roundNumber="11"/>
<Board boardNumber="3" player="LE_BROUSTERREMI" roundNumber="11"/>
<Board boardNumber="4" player="ZAFINANDRORIJA" roundNumber="11"/>
<Board boardNumber="1" player="BELLISALEXANDRE" roundNumber="12"/>
<Board boardNumber="2" player="TISSERANTGUILLAUME" roundNumber="12"/>
<Board boardNumber="3" player="LE_BROUSTERREMI" roundNumber="12"/>
<Board boardNumber="4" player="ZAFINANDRORIJA" roundNumber="12"/>
<Board boardNumber="1" player="BELLISALEXANDRE" roundNumber="13"/>
<Board boardNumber="2" player="TISSERANTGUILLAUME" roundNumber="13"/>
<Board boardNumber="3" player="LE_BROUSTERREMI" roundNumber="13"/>
<Board boardNumber="4" player="ZAFINANDRORIJA" roundNumber="13"/>
<Board boardNumber="1" player="BELLISALEXANDRE" roundNumber="14"/>
<Board boardNumber="2" player="TISSERANTGUILLAUME" roundNumber="14"/>
<Board boardNumber="3" player="LE_BROUSTERREMI" roundNumber="14"/>
<Board boardNumber="4" player="ZAFINANDRORIJA" roundNumber="14"/>
<Board boardNumber="1" player="BELLISALEXANDRE" roundNumber="15"/>
<Board boardNumber="2" player="TISSERANTGUILLAUME" roundNumber="15"/>
<Board boardNumber="3" player="LE_BROUSTERREMI" roundNumber="15"/>
<Board boardNumber="4" player="ZAFINANDRORIJA" roundNumber="15"/>
<Board boardNumber="1" player="BELLISALEXANDRE" roundNumber="16"/>
<Board boardNumber="2" player="TISSERANTGUILLAUME" roundNumber="16"/>
<Board boardNumber="3" player="LE_BROUSTERREMI" roundNumber="16"/>
<Board boardNumber="4" player="ZAFINANDRORIJA" roundNumber="16"/>
<Board boardNumber="1" player="BELLISALEXANDRE" roundNumber="17"/>
<Board boardNumber="2" player="TISSERANTGUILLAUME" roundNumber="17"/>
<Board boardNumber="3" player="LE_BROUSTERREMI" roundNumber="17"/>
<Board boardNumber="4" player="ZAFINANDRORIJA" roundNumber="17"/>
<Board boardNumber="1" player="BELLISALEXANDRE" roundNumber="18"/>
<Board boardNumber="2" player="TISSERANTGUILLAUME" roundNumber="18"/>
<Board boardNumber="3" player="LE_BROUSTERREMI" roundNumber="18"/>
<Board boardNumber="4" player="ZAFINANDRORIJA" roundNumber="18"/>
<Board boardNumber="1" player="BELLISALEXANDRE" roundNumber="19"/>
<Board boardNumber="2" player="TISSERANTGUILLAUME" roundNumber="19"/>
<Board boardNumber="3" player="LE_BROUSTERREMI" roundNumber="19"/>
<Board boardNumber="4" player="ZAFINANDRORIJA" roundNumber="19"/>
<Board boardNumber="1" player="BELLISALEXANDRE" roundNumber="20"/>
<Board boardNumber="2" player="TISSERANTGUILLAUME" roundNumber="20"/>
<Board boardNumber="3" player="LE_BROUSTERREMI" roundNumber="20"/>
<Board boardNumber="4" player="ZAFINANDRORIJA" roundNumber="20"/>
</Team>
<Team teamName="Dijon" teamNumber="4">
<Board boardNumber="1" player="GAUTHIERTHIBAULT" roundNumber="1"/>
<Board boardNumber="2" player="MUGNIERVINCENT" roundNumber="1"/>
<Board boardNumber="3" player="COQUELETLAURENT" roundNumber="1"/>
<Board boardNumber="4" player="DOUSSOTPATRICE" roundNumber="1"/>
<Board boardNumber="1" player="GAUTHIERTHIBAULT" roundNumber="2"/>
<Board boardNumber="2" player="MUGNIERVINCENT" roundNumber="2"/>
<Board boardNumber="3" player="COQUELETLAURENT" roundNumber="2"/>
<Board boardNumber="4" player="DOUSSOTPATRICE" roundNumber="2"/>
<Board boardNumber="1" player="GAUTHIERTHIBAULT" roundNumber="3"/>
<Board boardNumber="2" player="MUGNIERVINCENT" roundNumber="3"/>
<Board boardNumber="3" player="COQUELETLAURENT" roundNumber="3"/>
<Board boardNumber="4" player="DOUSSOTPATRICE" roundNumber="3"/>
<Board boardNumber="1" player="GAUTHIERTHIBAULT" roundNumber="4"/>
<Board boardNumber="2" player="MUGNIERVINCENT" roundNumber="4"/>
<Board boardNumber="3" player="COQUELETLAURENT" roundNumber="4"/>
<Board boardNumber="4" player="DOUSSOTPATRICE" roundNumber="4"/>
<Board boardNumber="1" player="GAUTHIERTHIBAULT" roundNumber="5"/>
<Board boardNumber="2" player="MUGNIERVINCENT" roundNumber="5"/>
<Board boardNumber="3" player="COQUELETLAURENT" roundNumber="5"/>
<Board boardNumber="4" player="DOUSSOTPATRICE" roundNumber="5"/>
<Board boardNumber="1" player="GAUTHIERTHIBAULT" roundNumber="6"/>
<Board boardNumber="2" player="MUGNIERVINCENT" roundNumber="6"/>
<Board boardNumber="3" player="COQUELETLAURENT" roundNumber="6"/>
<Board boardNumber="4" player="DOUSSOTPATRICE" roundNumber="6"/>
<Board boardNumber="1" player="GAUTHIERTHIBAULT" roundNumber="7"/>
<Board boardNumber="2" player="MUGNIERVINCENT" roundNumber="7"/>
<Board boardNumber="3" player="COQUELETLAURENT" roundNumber="7"/>
<Board boardNumber="4" player="DOUSSOTPATRICE" roundNumber="7"/>
<Board boardNumber="1" player="GAUTHIERTHIBAULT" roundNumber="8"/>
<Board boardNumber="2" player="MUGNIERVINCENT" roundNumber="8"/>
<Board boardNumber="3" player="COQUELETLAURENT" roundNumber="8"/>
<Board boardNumber="4" player="DOUSSOTPATRICE" roundNumber="8"/>
<Board boardNumber="1" player="GAUTHIERTHIBAULT" roundNumber="9"/>
<Board boardNumber="2" player="MUGNIERVINCENT" roundNumber="9"/>
<Board boardNumber="3" player="COQUELETLAURENT" roundNumber="9"/>
<Board boardNumber="4" player="DOUSSOTPATRICE" roundNumber="9"/>
<Board boardNumber="1" player="GAUTHIERTHIBAULT" roundNumber="10"/>
<Board boardNumber="2" player="MUGNIERVINCENT" roundNumber="10"/>
<Board boardNumber="3" player="COQUELETLAURENT" roundNumber="10"/>
<Board boardNumber="4" player="DOUSSOTPATRICE" roundNumber="10"/>
<Board boardNumber="1" player="GAUTHIERTHIBAULT" roundNumber="11"/>
<Board boardNumber="2" player="MUGNIERVINCENT" roundNumber="11"/>
<Board boardNumber="3" player="COQUELETLAURENT" roundNumber="11"/>
<Board boardNumber="4" player="DOUSSOTPATRICE" roundNumber="11"/>
<Board boardNumber="1" player="GAUTHIERTHIBAULT" roundNumber="12"/>
<Board boardNumber="2" player="MUGNIERVINCENT" roundNumber="12"/>
<Board boardNumber="3" player="COQUELETLAURENT" roundNumber="12"/>
<Board boardNumber="4" player="DOUSSOTPATRICE" roundNumber="12"/>
<Board boardNumber="1" player="GAUTHIERTHIBAULT" roundNumber="13"/>
<Board boardNumber="2" player="MUGNIERVINCENT" roundNumber="13"/>
<Board boardNumber="3" player="COQUELETLAURENT" roundNumber="13"/>
<Board boardNumber="4" player="DOUSSOTPATRICE" roundNumber="13"/>
<Board boardNumber="1" player="GAUTHIERTHIBAULT" roundNumber="14"/>
<Board boardNumber="2" player="MUGNIERVINCENT" roundNumber="14"/>
<Board boardNumber="3" player="COQUELETLAURENT" roundNumber="14"/>
<Board boardNumber="4" player="DOUSSOTPATRICE" roundNumber="14"/>
<Board boardNumber="1" player="GAUTHIERTHIBAULT" roundNumber="15"/>
<Board boardNumber="2" player="MUGNIERVINCENT" roundNumber="15"/>
<Board boardNumber="3" player="COQUELETLAURENT" roundNumber="15"/>
<Board boardNumber="4" player="DOUSSOTPATRICE" roundNumber="15"/>
<Board boardNumber="1" player="GAUTHIERTHIBAULT" roundNumber="16"/>
<Board boardNumber="2" player="MUGNIERVINCENT" roundNumber="16"/>
<Board boardNumber="3" player="COQUELETLAURENT" roundNumber="16"/>
<Board boardNumber="4" player="DOUSSOTPATRICE" roundNumber="16"/>
<Board boardNumber="1" player="GAUTHIERTHIBAULT" roundNumber="17"/>
<Board boardNumber="2" player="MUGNIERVINCENT" roundNumber="17"/>
<Board boardNumber="3" player="COQUELETLAURENT" roundNumber="17"/>
<Board boardNumber="4" player="DOUSSOTPATRICE" roundNumber="17"/>
<Board boardNumber="1" player="GAUTHIERTHIBAULT" roundNumber="18"/>
<Board boardNumber="2" player="MUGNIERVINCENT" roundNumber="18"/>
<Board boardNumber="3" player="COQUELETLAURENT" roundNumber="18"/>
<Board boardNumber="4" player="DOUSSOTPATRICE" roundNumber="18"/>
<Board boardNumber="1" player="GAUTHIERTHIBAULT" roundNumber="19"/>
<Board boardNumber="2" player="MUGNIERVINCENT" roundNumber="19"/>
<Board boardNumber="3" player="COQUELETLAURENT" roundNumber="19"/>
<Board boardNumber="4" player="DOUSSOTPATRICE" roundNumber="19"/>
<Board boardNumber="1" player="GAUTHIERTHIBAULT" roundNumber="20"/>
<Board boardNumber="2" player="MUGNIERVINCENT" roundNumber="20"/>
<Board boardNumber="3" player="COQUELETLAURENT" roundNumber="20"/>
<Board boardNumber="4" player="DOUSSOTPATRICE" roundNumber="20"/>
</Team>
<Team teamName="Nantes" teamNumber="3">
<Board boardNumber="1" player="MIZESSYNFRANÇOIS" roundNumber="1"/>
<Board boardNumber="2" player="DESVEAUXVIVIEN" roundNumber="1"/>
<Board boardNumber="3" player="CANCEPHILIPPE" roundNumber="1"/>
<Board boardNumber="4" player="GRELIERNICOLAS" roundNumber="1"/>
<Board boardNumber="1" player="MIZESSYNFRANÇOIS" roundNumber="2"/>
<Board boardNumber="2" player="DESVEAUXVIVIEN" roundNumber="2"/>
<Board boardNumber="3" player="CANCEPHILIPPE" roundNumber="2"/>
<Board boardNumber="4" player="GRELIERNICOLAS" roundNumber="2"/>
<Board boardNumber="1" player="MIZESSYNFRANÇOIS" roundNumber="3"/>
<Board boardNumber="2" player="DESVEAUXVIVIEN" roundNumber="3"/>
<Board boardNumber="3" player="CANCEPHILIPPE" roundNumber="3"/>
<Board boardNumber="4" player="GRELIERNICOLAS" roundNumber="3"/>
<Board boardNumber="1" player="MIZESSYNFRANÇOIS" roundNumber="4"/>
<Board boardNumber="2" player="DESVEAUXVIVIEN" roundNumber="4"/>
<Board boardNumber="3" player="CANCEPHILIPPE" roundNumber="4"/>
<Board boardNumber="4" player="GRELIERNICOLAS" roundNumber="4"/>
<Board boardNumber="1" player="MIZESSYNFRANÇOIS" roundNumber="5"/>
<Board boardNumber="2" player="DESVEAUXVIVIEN" roundNumber="5"/>
<Board boardNumber="3" player="CANCEPHILIPPE" roundNumber="5"/>
<Board boardNumber="4" player="GRELIERNICOLAS" roundNumber="5"/>
<Board boardNumber="1" player="MIZESSYNFRANÇOIS" roundNumber="6"/>
<Board boardNumber="2" player="DESVEAUXVIVIEN" roundNumber="6"/>
<Board boardNumber="3" player="CANCEPHILIPPE" roundNumber="6"/>
<Board boardNumber="4" player="GRELIERNICOLAS" roundNumber="6"/>
<Board boardNumber="1" player="MIZESSYNFRANÇOIS" roundNumber="7"/>
<Board boardNumber="2" player="DESVEAUXVIVIEN" roundNumber="7"/>
<Board boardNumber="3" player="CANCEPHILIPPE" roundNumber="7"/>
<Board boardNumber="4" player="GRELIERNICOLAS" roundNumber="7"/>
<Board boardNumber="1" player="MIZESSYNFRANÇOIS" roundNumber="8"/>
<Board boardNumber="2" player="DESVEAUXVIVIEN" roundNumber="8"/>
<Board boardNumber="3" player="CANCEPHILIPPE" roundNumber="8"/>
<Board boardNumber="4" player="GRELIERNICOLAS" roundNumber="8"/>
<Board boardNumber="1" player="MIZESSYNFRANÇOIS" roundNumber="9"/>
<Board boardNumber="2" player="DESVEAUXVIVIEN" roundNumber="9"/>
<Board boardNumber="3" player="CANCEPHILIPPE" roundNumber="9"/>
<Board boardNumber="4" player="GRELIERNICOLAS" roundNumber="9"/>
<Board boardNumber="1" player="MIZESSYNFRANÇOIS" roundNumber="10"/>
<Board boardNumber="2" player="DESVEAUXVIVIEN" roundNumber="10"/>
<Board boardNumber="3" player="CANCEPHILIPPE" roundNumber="10"/>
<Board boardNumber="4" player="GRELIERNICOLAS" roundNumber="10"/>
<Board boardNumber="1" player="MIZESSYNFRANÇOIS" roundNumber="11"/>
<Board boardNumber="2" player="DESVEAUXVIVIEN" roundNumber="11"/>
<Board boardNumber="3" player="CANCEPHILIPPE" roundNumber="11"/>
<Board boardNumber="4" player="GRELIERNICOLAS" roundNumber="11"/>
<Board boardNumber="1" player="MIZESSYNFRANÇOIS" roundNumber="12"/>
<Board boardNumber="2" player="DESVEAUXVIVIEN" roundNumber="12"/>
<Board boardNumber="3" player="CANCEPHILIPPE" roundNumber="12"/>
<Board boardNumber="4" player="GRELIERNICOLAS" roundNumber="12"/>
<Board boardNumber="1" player="MIZESSYNFRANÇOIS" roundNumber="13"/>
<Board boardNumber="2" player="DESVEAUXVIVIEN" roundNumber="13"/>
<Board boardNumber="3" player="CANCEPHILIPPE" roundNumber="13"/>
<Board boardNumber="4" player="GRELIERNICOLAS" roundNumber="13"/>
<Board boardNumber="1" player="MIZESSYNFRANÇOIS" roundNumber="14"/>
<Board boardNumber="2" player="DESVEAUXVIVIEN" roundNumber="14"/>
<Board boardNumber="3" player="CANCEPHILIPPE" roundNumber="14"/>
<Board boardNumber="4" player="GRELIERNICOLAS" roundNumber="14"/>
<Board boardNumber="1" player="MIZESSYNFRANÇOIS" roundNumber="15"/>
<Board boardNumber="2" player="DESVEAUXVIVIEN" roundNumber="15"/>
<Board boardNumber="3" player="CANCEPHILIPPE" roundNumber="15"/>
<Board boardNumber="4" player="GRELIERNICOLAS" roundNumber="15"/>
<Board boardNumber="1" player="MIZESSYNFRANÇOIS" roundNumber="16"/>
<Board boardNumber="2" player="DESVEAUXVIVIEN" roundNumber="16"/>
<Board boardNumber="3" player="CANCEPHILIPPE" roundNumber="16"/>
<Board boardNumber="4" player="GRELIERNICOLAS" roundNumber="16"/>
<Board boardNumber="1" player="MIZESSYNFRANÇOIS" roundNumber="17"/>
<Board boardNumber="2" player="DESVEAUXVIVIEN" roundNumber="17"/>
<Board boardNumber="3" player="CANCEPHILIPPE" roundNumber="17"/>
<Board boardNumber="4" player="GRELIERNICOLAS" roundNumber="17"/>
<Board boardNumber="1" player="MIZESSYNFRANÇOIS" roundNumber="18"/>
<Board boardNumber="2" player="DESVEAUXVIVIEN" roundNumber="18"/>
<Board boardNumber="3" player="CANCEPHILIPPE" roundNumber="18"/>
<Board boardNumber="4" player="GRELIERNICOLAS" roundNumber="18"/>
<Board boardNumber="1" player="MIZESSYNFRANÇOIS" roundNumber="19"/>
<Board boardNumber="2" player="DESVEAUXVIVIEN" roundNumber="19"/>
<Board boardNumber="3" player="CANCEPHILIPPE" roundNumber="19"/>
<Board boardNumber="4" player="GRELIERNICOLAS" roundNumber="19"/>
<Board boardNumber="1" player="MIZESSYNFRANÇOIS" roundNumber="20"/>
<Board boardNumber="2" player="DESVEAUXVIVIEN" roundNumber="20"/>
<Board boardNumber="3" player="CANCEPHILIPPE" roundNumber="20"/>
<Board boardNumber="4" player="GRELIERNICOLAS" roundNumber="20"/>
</Team>
<Team teamName="Lyon" teamNumber="12">
<Board boardNumber="1" player="BRANCHARDANTOINE" roundNumber="1"/>
<Board boardNumber="2" player="MECKESLOUIS" roundNumber="1"/>
<Board boardNumber="3" player="RIOLANDFLORENT" roundNumber="1"/>
<Board boardNumber="4" player="RENDUQUENTIN" roundNumber="1"/>
<Board boardNumber="1" player="BRANCHARDANTOINE" roundNumber="2"/>
<Board boardNumber="2" player="MECKESLOUIS" roundNumber="2"/>
<Board boardNumber="3" player="RIOLANDFLORENT" roundNumber="2"/>
<Board boardNumber="4" player="RENDUQUENTIN" roundNumber="2"/>
<Board boardNumber="1" player="BRANCHARDANTOINE" roundNumber="3"/>
<Board boardNumber="2" player="MECKESLOUIS" roundNumber="3"/>
<Board boardNumber="3" player="RIOLANDFLORENT" roundNumber="3"/>
<Board boardNumber="4" player="RENDUQUENTIN" roundNumber="3"/>
<Board boardNumber="1" player="BRANCHARDANTOINE" roundNumber="4"/>
<Board boardNumber="2" player="MECKESLOUIS" roundNumber="4"/>
<Board boardNumber="3" player="RIOLANDFLORENT" roundNumber="4"/>
<Board boardNumber="4" player="RENDUQUENTIN" roundNumber="4"/>
<Board boardNumber="1" player="BRANCHARDANTOINE" roundNumber="5"/>
<Board boardNumber="2" player="MECKESLOUIS" roundNumber="5"/>
<Board boardNumber="3" player="RIOLANDFLORENT" roundNumber="5"/>
<Board boardNumber="4" player="RENDUQUENTIN" roundNumber="5"/>
<Board boardNumber="1" player="BRANCHARDANTOINE" roundNumber="6"/>
<Board boardNumber="2" player="MECKESLOUIS" roundNumber="6"/>
<Board boardNumber="3" player="RIOLANDFLORENT" roundNumber="6"/>
<Board boardNumber="4" player="RENDUQUENTIN" roundNumber="6"/>
<Board boardNumber="1" player="BRANCHARDANTOINE" roundNumber="7"/>
<Board boardNumber="2" player="MECKESLOUIS" roundNumber="7"/>
<Board boardNumber="3" player="RIOLANDFLORENT" roundNumber="7"/>
<Board boardNumber="4" player="RENDUQUENTIN" roundNumber="7"/>
<Board boardNumber="1" player="BRANCHARDANTOINE" roundNumber="8"/>
<Board boardNumber="2" player="MECKESLOUIS" roundNumber="8"/>
<Board boardNumber="3" player="RIOLANDFLORENT" roundNumber="8"/>
<Board boardNumber="4" player="RENDUQUENTIN" roundNumber="8"/>
<Board boardNumber="1" player="BRANCHARDANTOINE" roundNumber="9"/>
<Board boardNumber="2" player="MECKESLOUIS" roundNumber="9"/>
<Board boardNumber="3" player="RIOLANDFLORENT" roundNumber="9"/>
<Board boardNumber="4" player="RENDUQUENTIN" roundNumber="9"/>
<Board boardNumber="1" player="BRANCHARDANTOINE" roundNumber="10"/>
<Board boardNumber="2" player="MECKESLOUIS" roundNumber="10"/>
<Board boardNumber="3" player="RIOLANDFLORENT" roundNumber="10"/>
<Board boardNumber="4" player="RENDUQUENTIN" roundNumber="10"/>
<Board boardNumber="1" player="BRANCHARDANTOINE" roundNumber="11"/>
<Board boardNumber="2" player="MECKESLOUIS" roundNumber="11"/>
<Board boardNumber="3" player="RIOLANDFLORENT" roundNumber="11"/>
<Board boardNumber="4" player="RENDUQUENTIN" roundNumber="11"/>
<Board boardNumber="1" player="BRANCHARDANTOINE" roundNumber="12"/>
<Board boardNumber="2" player="MECKESLOUIS" roundNumber="12"/>
<Board boardNumber="3" player="RIOLANDFLORENT" roundNumber="12"/>
<Board boardNumber="4" player="RENDUQUENTIN" roundNumber="12"/>
<Board boardNumber="1" player="BRANCHARDANTOINE" roundNumber="13"/>
<Board boardNumber="2" player="MECKESLOUIS" roundNumber="13"/>
<Board boardNumber="3" player="RIOLANDFLORENT" roundNumber="13"/>
<Board boardNumber="4" player="RENDUQUENTIN" roundNumber="13"/>
<Board boardNumber="1" player="BRANCHARDANTOINE" roundNumber="14"/>
<Board boardNumber="2" player="MECKESLOUIS" roundNumber="14"/>
<Board boardNumber="3" player="RIOLANDFLORENT" roundNumber="14"/>
<Board boardNumber="4" player="RENDUQUENTIN" roundNumber="14"/>
<Board boardNumber="1" player="BRANCHARDANTOINE" roundNumber="15"/>
<Board boardNumber="2" player="MECKESLOUIS" roundNumber="15"/>
<Board boardNumber="3" player="RIOLANDFLORENT" roundNumber="15"/>
<Board boardNumber="4" player="RENDUQUENTIN" roundNumber="15"/>
<Board boardNumber="1" player="BRANCHARDANTOINE" roundNumber="16"/>
<Board boardNumber="2" player="MECKESLOUIS" roundNumber="16"/>
<Board boardNumber="3" player="RIOLANDFLORENT" roundNumber="16"/>
<Board boardNumber="4" player="RENDUQUENTIN" roundNumber="16"/>
<Board boardNumber="1" player="BRANCHARDANTOINE" roundNumber="17"/>
<Board boardNumber="2" player="MECKESLOUIS" roundNumber="17"/>
<Board boardNumber="3" player="RIOLANDFLORENT" roundNumber="17"/>
<Board boardNumber="4" player="RENDUQUENTIN" roundNumber="17"/>
<Board boardNumber="1" player="BRANCHARDANTOINE" roundNumber="18"/>
<Board boardNumber="2" player="MECKESLOUIS" roundNumber="18"/>
<Board boardNumber="3" player="RIOLANDFLORENT" roundNumber="18"/>
<Board boardNumber="4" player="RENDUQUENTIN" roundNumber="18"/>
<Board boardNumber="1" player="BRANCHARDANTOINE" roundNumber="19"/>
<Board boardNumber="2" player="MECKESLOUIS" roundNumber="19"/>
<Board boardNumber="3" player="RIOLANDFLORENT" roundNumber="19"/>
<Board boardNumber="4" player="RENDUQUENTIN" roundNumber="19"/>
<Board boardNumber="1" player="BRANCHARDANTOINE" roundNumber="20"/>
<Board boardNumber="2" player="MECKESLOUIS" roundNumber="20"/>
<Board boardNumber="3" player="RIOLANDFLORENT" roundNumber="20"/>
<Board boardNumber="4" player="RENDUQUENTIN" roundNumber="20"/>
</Team>
<Team teamName="Grenoble" teamNumber="1">
<Board boardNumber="1" player="IMAMURA-CORNUEJOLSTORU" roundNumber="1"/>
<Board boardNumber="2" player="KARADABANDENIS" roundNumber="1"/>
<Board boardNumber="3" player="NADDEFJEAN_LOUP" roundNumber="1"/>
<Board boardNumber="4" player="CORNUEJOLSDOMINIQUE" roundNumber="1"/>
<Board boardNumber="1" player="IMAMURA-CORNUEJOLSTORU" roundNumber="2"/>
<Board boardNumber="2" player="KARADABANDENIS" roundNumber="2"/>
<Board boardNumber="3" player="NADDEFJEAN_LOUP" roundNumber="2"/>
<Board boardNumber="4" player="CORNUEJOLSDOMINIQUE" roundNumber="2"/>
<Board boardNumber="1" player="IMAMURA-CORNUEJOLSTORU" roundNumber="3"/>
<Board boardNumber="2" player="KARADABANDENIS" roundNumber="3"/>
<Board boardNumber="3" player="NADDEFJEAN_LOUP" roundNumber="3"/>
<Board boardNumber="4" player="CORNUEJOLSDOMINIQUE" roundNumber="3"/>
<Board boardNumber="1" player="IMAMURA-CORNUEJOLSTORU" roundNumber="4"/>
<Board boardNumber="2" player="KARADABANDENIS" roundNumber="4"/>
<Board boardNumber="3" player="NADDEFJEAN_LOUP" roundNumber="4"/>
<Board boardNumber="4" player="CORNUEJOLSDOMINIQUE" roundNumber="4"/>
<Board boardNumber="1" player="IMAMURA-CORNUEJOLSTORU" roundNumber="5"/>
<Board boardNumber="2" player="KARADABANDENIS" roundNumber="5"/>
<Board boardNumber="3" player="NADDEFJEAN_LOUP" roundNumber="5"/>
<Board boardNumber="4" player="CORNUEJOLSDOMINIQUE" roundNumber="5"/>
<Board boardNumber="1" player="IMAMURA-CORNUEJOLSTORU" roundNumber="6"/>
<Board boardNumber="2" player="KARADABANDENIS" roundNumber="6"/>
<Board boardNumber="3" player="NADDEFJEAN_LOUP" roundNumber="6"/>
<Board boardNumber="4" player="CORNUEJOLSDOMINIQUE" roundNumber="6"/>
<Board boardNumber="1" player="IMAMURA-CORNUEJOLSTORU" roundNumber="7"/>
<Board boardNumber="2" player="KARADABANDENIS" roundNumber="7"/>
<Board boardNumber="3" player="NADDEFJEAN_LOUP" roundNumber="7"/>
<Board boardNumber="4" player="CORNUEJOLSDOMINIQUE" roundNumber="7"/>
<Board boardNumber="1" player="IMAMURA-CORNUEJOLSTORU" roundNumber="8"/>
<Board boardNumber="2" player="KARADABANDENIS" roundNumber="8"/>
<Board boardNumber="3" player="NADDEFJEAN_LOUP" roundNumber="8"/>
<Board boardNumber="4" player="CORNUEJOLSDOMINIQUE" roundNumber="8"/>
<Board boardNumber="1" player="IMAMURA-CORNUEJOLSTORU" roundNumber="9"/>
<Board boardNumber="2" player="KARADABANDENIS" roundNumber="9"/>
<Board boardNumber="3" player="NADDEFJEAN_LOUP" roundNumber="9"/>
<Board boardNumber="4" player="CORNUEJOLSDOMINIQUE" roundNumber="9"/>
<Board boardNumber="1" player="IMAMURA-CORNUEJOLSTORU" roundNumber="10"/>
<Board boardNumber="2" player="KARADABANDENIS" roundNumber="10"/>
<Board boardNumber="3" player="NADDEFJEAN_LOUP" roundNumber="10"/>
<Board boardNumber="4" player="CORNUEJOLSDOMINIQUE" roundNumber="10"/>
<Board boardNumber="1" player="IMAMURA-CORNUEJOLSTORU" roundNumber="11"/>
<Board boardNumber="2" player="KARADABANDENIS" roundNumber="11"/>
<Board boardNumber="3" player="NADDEFJEAN_LOUP" roundNumber="11"/>
<Board boardNumber="4" player="CORNUEJOLSDOMINIQUE" roundNumber="11"/>
<Board boardNumber="1" player="IMAMURA-CORNUEJOLSTORU" roundNumber="12"/>
<Board boardNumber="2" player="KARADABANDENIS" roundNumber="12"/>
<Board boardNumber="3" player="NADDEFJEAN_LOUP" roundNumber="12"/>
<Board boardNumber="4" player="CORNUEJOLSDOMINIQUE" roundNumber="12"/>
<Board boardNumber="1" player="IMAMURA-CORNUEJOLSTORU" roundNumber="13"/>
<Board boardNumber="2" player="KARADABANDENIS" roundNumber="13"/>
<Board boardNumber="3" player="NADDEFJEAN_LOUP" roundNumber="13"/>
<Board boardNumber="4" player="CORNUEJOLSDOMINIQUE" roundNumber="13"/>
<Board boardNumber="1" player="IMAMURA-CORNUEJOLSTORU" roundNumber="14"/>
<Board boardNumber="2" player="KARADABANDENIS" roundNumber="14"/>
<Board boardNumber="3" player="NADDEFJEAN_LOUP" roundNumber="14"/>
<Board boardNumber="4" player="CORNUEJOLSDOMINIQUE" roundNumber="14"/>
<Board boardNumber="1" player="IMAMURA-CORNUEJOLSTORU" roundNumber="15"/>
<Board boardNumber="2" player="KARADABANDENIS" roundNumber="15"/>
<Board boardNumber="3" player="NADDEFJEAN_LOUP" roundNumber="15"/>
<Board boardNumber="4" player="CORNUEJOLSDOMINIQUE" roundNumber="15"/>
<Board boardNumber="1" player="IMAMURA-CORNUEJOLSTORU" roundNumber="16"/>
<Board boardNumber="2" player="KARADABANDENIS" roundNumber="16"/>
<Board boardNumber="3" player="NADDEFJEAN_LOUP" roundNumber="16"/>
<Board boardNumber="4" player="CORNUEJOLSDOMINIQUE" roundNumber="16"/>
<Board boardNumber="1" player="IMAMURA-CORNUEJOLSTORU" roundNumber="17"/>
<Board boardNumber="2" player="KARADABANDENIS" roundNumber="17"/>
<Board boardNumber="3" player="NADDEFJEAN_LOUP" roundNumber="17"/>
<Board boardNumber="4" player="CORNUEJOLSDOMINIQUE" roundNumber="17"/>
<Board boardNumber="1" player="IMAMURA-CORNUEJOLSTORU" roundNumber="18"/>
<Board boardNumber="2" player="KARADABANDENIS" roundNumber="18"/>
<Board boardNumber="3" player="NADDEFJEAN_LOUP" roundNumber="18"/>
<Board boardNumber="4" player="CORNUEJOLSDOMINIQUE" roundNumber="18"/>
<Board boardNumber="1" player="IMAMURA-CORNUEJOLSTORU" roundNumber="19"/>
<Board boardNumber="2" player="KARADABANDENIS" roundNumber="19"/>
<Board boardNumber="3" player="NADDEFJEAN_LOUP" roundNumber="19"/>
<Board boardNumber="4" player="CORNUEJOLSDOMINIQUE" roundNumber="19"/>
<Board boardNumber="1" player="IMAMURA-CORNUEJOLSTORU" roundNumber="20"/>
<Board boardNumber="2" player="KARADABANDENIS" roundNumber="20"/>
<Board boardNumber="3" player="NADDEFJEAN_LOUP" roundNumber="20"/>
<Board boardNumber="4" player="CORNUEJOLSDOMINIQUE" roundNumber="20"/>
</Team>
<Team teamName="Aligre" teamNumber="5">
<Board boardNumber="1" player="GOURMONDJEAN-YVES" roundNumber="1"/>
<Board boardNumber="2" player="LIPSFABIEN" roundNumber="1"/>
<Board boardNumber="3" player="DIGARDMARTIN" roundNumber="1"/>
<Board boardNumber="4" player="FASOLAGILLES" roundNumber="1"/>
<Board boardNumber="1" player="GOURMONDJEAN-YVES" roundNumber="2"/>
<Board boardNumber="2" player="LIPSFABIEN" roundNumber="2"/>
<Board boardNumber="3" player="DIGARDMARTIN" roundNumber="2"/>
<Board boardNumber="4" player="FASOLAGILLES" roundNumber="2"/>
<Board boardNumber="1" player="GOURMONDJEAN-YVES" roundNumber="3"/>
<Board boardNumber="2" player="LIPSFABIEN" roundNumber="3"/>
<Board boardNumber="3" player="DIGARDMARTIN" roundNumber="3"/>
<Board boardNumber="4" player="FASOLAGILLES" roundNumber="3"/>
<Board boardNumber="1" player="GOURMONDJEAN-YVES" roundNumber="4"/>
<Board boardNumber="2" player="LIPSFABIEN" roundNumber="4"/>
<Board boardNumber="3" player="DIGARDMARTIN" roundNumber="4"/>
<Board boardNumber="4" player="FASOLAGILLES" roundNumber="4"/>
<Board boardNumber="1" player="GOURMONDJEAN-YVES" roundNumber="5"/>
<Board boardNumber="2" player="LIPSFABIEN" roundNumber="5"/>
<Board boardNumber="3" player="DIGARDMARTIN" roundNumber="5"/>
<Board boardNumber="4" player="FASOLAGILLES" roundNumber="5"/>
<Board boardNumber="1" player="GOURMONDJEAN-YVES" roundNumber="6"/>
<Board boardNumber="2" player="LIPSFABIEN" roundNumber="6"/>
<Board boardNumber="3" player="DIGARDMARTIN" roundNumber="6"/>
<Board boardNumber="4" player="FASOLAGILLES" roundNumber="6"/>
<Board boardNumber="1" player="GOURMONDJEAN-YVES" roundNumber="7"/>
<Board boardNumber="2" player="LIPSFABIEN" roundNumber="7"/>
<Board boardNumber="3" player="DIGARDMARTIN" roundNumber="7"/>
<Board boardNumber="4" player="FASOLAGILLES" roundNumber="7"/>
<Board boardNumber="1" player="GOURMONDJEAN-YVES" roundNumber="8"/>
<Board boardNumber="2" player="LIPSFABIEN" roundNumber="8"/>
<Board boardNumber="3" player="DIGARDMARTIN" roundNumber="8"/>
<Board boardNumber="4" player="FASOLAGILLES" roundNumber="8"/>
<Board boardNumber="1" player="GOURMONDJEAN-YVES" roundNumber="9"/>
<Board boardNumber="2" player="LIPSFABIEN" roundNumber="9"/>
<Board boardNumber="3" player="DIGARDMARTIN" roundNumber="9"/>
<Board boardNumber="4" player="FASOLAGILLES" roundNumber="9"/>
<Board boardNumber="1" player="GOURMONDJEAN-YVES" roundNumber="10"/>
<Board boardNumber="2" player="LIPSFABIEN" roundNumber="10"/>
<Board boardNumber="3" player="DIGARDMARTIN" roundNumber="10"/>
<Board boardNumber="4" player="FASOLAGILLES" roundNumber="10"/>
<Board boardNumber="1" player="GOURMONDJEAN-YVES" roundNumber="11"/>
<Board boardNumber="2" player="LIPSFABIEN" roundNumber="11"/>
<Board boardNumber="3" player="DIGARDMARTIN" roundNumber="11"/>
<Board boardNumber="4" player="FASOLAGILLES" roundNumber="11"/>
<Board boardNumber="1" player="GOURMONDJEAN-YVES" roundNumber="12"/>
<Board boardNumber="2" player="LIPSFABIEN" roundNumber="12"/>
<Board boardNumber="3" player="DIGARDMARTIN" roundNumber="12"/>
<Board boardNumber="4" player="FASOLAGILLES" roundNumber="12"/>
<Board boardNumber="1" player="GOURMONDJEAN-YVES" roundNumber="13"/>
<Board boardNumber="2" player="LIPSFABIEN" roundNumber="13"/>
<Board boardNumber="3" player="DIGARDMARTIN" roundNumber="13"/>
<Board boardNumber="4" player="FASOLAGILLES" roundNumber="13"/>
<Board boardNumber="1" player="GOURMONDJEAN-YVES" roundNumber="14"/>
<Board boardNumber="2" player="LIPSFABIEN" roundNumber="14"/>
<Board boardNumber="3" player="DIGARDMARTIN" roundNumber="14"/>
<Board boardNumber="4" player="FASOLAGILLES" roundNumber="14"/>
<Board boardNumber="1" player="GOURMONDJEAN-YVES" roundNumber="15"/>
<Board boardNumber="2" player="LIPSFABIEN" roundNumber="15"/>
<Board boardNumber="3" player="DIGARDMARTIN" roundNumber="15"/>
<Board boardNumber="4" player="FASOLAGILLES" roundNumber="15"/>
<Board boardNumber="1" player="GOURMONDJEAN-YVES" roundNumber="16"/>
<Board boardNumber="2" player="LIPSFABIEN" roundNumber="16"/>
<Board boardNumber="3" player="DIGARDMARTIN" roundNumber="16"/>
<Board boardNumber="4" player="FASOLAGILLES" roundNumber="16"/>
<Board boardNumber="1" player="GOURMONDJEAN-YVES" roundNumber="17"/>
<Board boardNumber="2" player="LIPSFABIEN" roundNumber="17"/>
<Board boardNumber="3" player="DIGARDMARTIN" roundNumber="17"/>
<Board boardNumber="4" player="FASOLAGILLES" roundNumber="17"/>
<Board boardNumber="1" player="GOURMONDJEAN-YVES" roundNumber="18"/>
<Board boardNumber="2" player="LIPSFABIEN" roundNumber="18"/>
<Board boardNumber="3" player="DIGARDMARTIN" roundNumber="18"/>
<Board boardNumber="4" player="FASOLAGILLES" roundNumber="18"/>
<Board boardNumber="1" player="GOURMONDJEAN-YVES" roundNumber="19"/>
<Board boardNumber="2" player="LIPSFABIEN" roundNumber="19"/>
<Board boardNumber="3" player="DIGARDMARTIN" roundNumber="19"/>
<Board boardNumber="4" player="FASOLAGILLES" roundNumber="19"/>
<Board boardNumber="1" player="GOURMONDJEAN-YVES" roundNumber="20"/>
<Board boardNumber="2" player="LIPSFABIEN" roundNumber="20"/>
<Board boardNumber="3" player="DIGARDMARTIN" roundNumber="20"/>
<Board boardNumber="4" player="FASOLAGILLES" roundNumber="20"/>
</Team>
</Teams>
<TournamentParameterSet>
<GeneralParameterSet basicTime="60" beginDate="2012-11-17" canByoYomiTime="300" complementaryTimeSystem="SUDDENDEATH" director="" endDate="2012-11-18" fischerTime="10" genMMBar="9D" genMMFloor="30K" genMMS2ValueAbsent="1" genMMS2ValueBye="2" genNBW2ValueAbsent="0" genNBW2ValueBye="2" genRoundDownNBWMMS="true" komi="7.5" location="Toulouse" name="Championnat de France des clubs" nbMovesCanTime="15" numberOfCategories="1" numberOfRounds="5" shortName="LIM2012" size="19" stdByoYomiTime="30"/>
<HandicapParameterSet hdBasedOnMMS="false" hdCeiling="0" hdCorrection="0" hdNoHdRankThreshold="30K"/>
<PlacementParameterSet>
<PlacementCriteria>
<PlacementCriterion name="NBW" number="1"/>
<PlacementCriterion name="SOSW" number="2"/>
<PlacementCriterion name="SOSOSW" number="3"/>
<PlacementCriterion name="NULL" number="4"/>
<PlacementCriterion name="NULL" number="5"/>
<PlacementCriterion name="NULL" number="6"/>
</PlacementCriteria>
</PlacementParameterSet>
<PairingParameterSet paiBaAvoidDuplGame="500000000000000" paiBaBalanceWB="1000000" paiBaDeterministic="true" paiBaRandom="0" paiMaAdditionalPlacementCritSystem1="Rating" paiMaAdditionalPlacementCritSystem2="Rating" paiMaAvoidMixingCategories="0" paiMaDUDDLowerMode="MID" paiMaDUDDUpperMode="MID" paiMaDUDDWeight="100000000" paiMaLastRoundForSeedSystem1="2" paiMaMaximizeSeeding="5000000" paiMaMinimizeScoreDifference="100000000000" paiMaSeedSystem1="SPLITANDFOLD" paiSeAvoidSameGeo="0" paiSeBarThresholdActive="true" paiSeDefSecCrit="20000000000000" paiSeMinimizeHandicap="0" paiSeNbWinsThresholdActive="true" paiSePreferMMSDiffRatherThanSameClub="0" paiSePreferMMSDiffRatherThanSameCountry="0" paiSeRankThreshold="30K" paiStandardNX1Factor="0.5"/>
<DPParameterSet displayIndGamesInMatches="true" displayNumCol="true" displayPlCol="true" gameFormat="full"/>
</TournamentParameterSet>
<TeamTournamentParameterSet>
<TeamGeneralParameterSet teamSize="4"/>
<TeamPlacementParameterSet>
<PlacementCriteria>
<PlacementCriterion name="TEAMP" number="1"/>
<PlacementCriterion name="BDW" number="2"/>
<PlacementCriterion name="BDW3U" number="3"/>
<PlacementCriterion name="BDW2U" number="4"/>
<PlacementCriterion name="BDW1U" number="5"/>
<PlacementCriterion name="MNR" number="6"/>
</PlacementCriteria>
</TeamPlacementParameterSet>
</TeamTournamentParameterSet>
</Tournament>
